,FILENUM,INCIDENT_TYPE,SOURCE,SUBJ_TYPE,SUBJ_INC_NUM,ALLEGATION_MADE,FINDING,INVOLVMENT,AGE,YRS_EMPL,SEX,RACE,RECEIVED_DT,OCCURRED_DT,INC_STATUS,SERVICE_TYPE,RESISTANCE_TYPE,SUB_ACT_DESC,UOF_EFFECTIVE,SUBJ_INJ,SUBJ_INJ_HOSP
1,CEF2023-001,Complaint External-Formal,Citizen Telephone Call,Officer,18900,"Laws, Rules, and Orders - Violation of federal, state, local or admin laws, rules or regulations",Sustained,Officer,31,1,Male,White,44954,44954,Completed,NA,NA,NA,NA,NA,NA
2,CEF2023-001,Complaint External-Formal,NA,Officer,18899,NA,NA,Complainant,40,16,Male,Black,NA,NA,NA,NA,NA,NA,NA,NA,NA
3,CEF2023-002,Complaint External-Formal,Citizen Telephone Call,Officer,18891,Conduct - Discourteous or disrespectful treatment of public,Unfounded,Officer,53,9,Male,White,44953,44931,Completed,NA,NA,NA,NA,NA,NA
4,CEF2023-002,Complaint External-Formal,NA,Citizen,5039,NA,NA,Complainant,37,NA,Female,White,NA,NA,NA,NA,NA,NA,NA,NA,NA
5,CEF2023-002,Complaint External-Formal,NA,Officer,18892,NA,NA,Witness,42,18,Male,White,NA,NA,NA,NA,NA,NA,NA,NA,NA
6,CEF2023-003,Complaint External-Formal,Citizen Telephone Call,Officer,18889,"Laws, Rules, and Orders - Violation of policy",Sustained,Officer,43,14,Male,White,44952,44948,Completed,NA,NA,NA,NA,NA,NA
7,CEF2023-003,Complaint External-Formal,NA,Citizen,5037,NA,NA,Complainant,23,NA,Male,White,NA,NA,NA,NA,NA,NA,NA,NA,NA
8,CEF2023-003,Complaint External-Formal,NA,Citizen,5038,NA,NA,Witness,NA,NA,m,w,NA,NA,NA,NA,NA,NA,NA,NA,NA
9,CEF2023-003,Complaint External-Formal,NA,Officer,18890,NA,NA,Witness,26,4,male,white,NA,NA,NA,NA,NA,NA,NA,NA,NA
10,CEF2023-004,Complaint External-Formal,Citizen Telephone Call,Officer,18995,Conduct - Discourteous or disrespectful treatment of public,Exonerated,Officer,42,12,Male,White,44979,44936,Completed,NA,NA,NA,NA,NA,NA
11,CEF2023-004,Complaint External-Formal,NA,Citizen,5073,NA,NA,Complainant,29,NA,Male,White,NA,NA,NA,NA,NA,NA,NA,NA,NA
12,CEF2023-006,Complaint External-Formal,Citizen Telephone Call,Officer,19053,Conduct - Discourteous or disrespectful treatment of employee,Unfounded,Officer,25,4,male,white,44998,44998,Completed,NA,NA,NA,NA,NA,NA
13,CEF2023-006,Complaint External-Formal,NA,Citizen,5083,NA,NA,Complainant,NA,NA,Male,Black,NA,NA,NA,NA,NA,NA,NA,NA,NA
14,CEF2023-006,Complaint External-Formal,NA,Officer,19054,NA,NA,Witness,30,1,male,white,NA,NA,NA,NA,NA,NA,NA,NA,NA
15,CEF2023-007,Complaint External-Formal,Citizen Telephone Call,Officer,19134,Conduct - Discourteous or disrespectful treatment of public,Sustained,Officer,41,12,Male,White,45011,45011,Completed,NA,NA,NA,NA,NA,NA
16,CEF2023-007,Complaint External-Formal,NA,Citizen,5100,NA,NA,Witness,NA,NA,Unknown,Unknown,NA,NA,NA,NA,NA,NA,NA,NA,NA
17,CEF2023-007,Complaint External-Formal,NA,Officer,20111,NA,NA,Witness,37,7,Male,Vietnamese,NA,NA,NA,NA,NA,NA,NA,NA,NA
18,CEF2023-008,Complaint External-Formal,Employee,Officer,19195,Conduct - Unreasonable or unwarranted use of force,No Misconduct,Officer,37,2,Male,Asian,45033,45033,Completed,NA,NA,NA,NA,NA,NA
19,CEF2023-008,Complaint External-Formal,NA,Citizen,5117,NA,NA,Complainant,NA,NA,Male,Unknown,NA,NA,NA,NA,NA,NA,NA,NA,NA
20,CEF2023-008,Complaint External-Formal,NA,Citizen,5118,NA,NA,Witness,NA,NA,Female,White,NA,NA,NA,NA,NA,NA,NA,NA,NA
21,CEF2023-008,Complaint External-Formal,NA,Officer,19196,NA,NA,Witness,61,27,Male,White,NA,NA,NA,NA,NA,NA,NA,NA,NA
22,CEF2023-009,Complaint External-Formal,Citizen In-Person,Officer,19146,Performance - Making false or misleading statements,Sustained,Officer,28,4,male,white,45025,45025,Completed,NA,NA,NA,NA,NA,NA
23,CEF2023-009,Complaint External-Formal,NA,Citizen,5113,NA,NA,Complainant,NA,NA,Male,White,NA,NA,NA,NA,NA,NA,NA,NA,NA
24,CEF2023-010,Complaint External-Formal,Outside LE Agency,Officer,19221,Department Values Violation - Service Attitude,Sustained,Officer,42,10,Male,White,45035,45034,Completed,NA,NA,NA,NA,NA,NA
25,CEF2023-010,Complaint External-Formal,Outside LE Agency,Officer,19221,Conduct - Unreasonable or unwarranted use of force,Unfounded,Officer,42,10,Male,White,45035,45034,Completed,NA,NA,NA,NA,NA,NA
26,CEF2023-010,Complaint External-Formal,Outside LE Agency,Officer,19222,Department Values Violation - Service Attitude,Sustained,Officer,32,5,Male,White,45035,45034,Completed,NA,NA,NA,NA,NA,NA
27,CEF2023-010,Complaint External-Formal,Outside LE Agency,Officer,19222,Conduct - Unreasonable or unwarranted use of force,Unfounded,Officer,32,5,Male,White,45035,45034,Completed,NA,NA,NA,NA,NA,NA
28,CEF2023-010,Complaint External-Formal,Outside LE Agency,Officer,19223,Conduct - Discourteous or disrespectful treatment of public,Corrective Action,Officer,38,1,male,White,45035,45034,Completed,NA,NA,NA,NA,NA,NA
29,CEF2023-010,Complaint External-Formal,NA,Citizen,5127,NA,NA,Complainant,NA,NA,Male,Black,NA,NA,NA,NA,NA,NA,NA,NA,NA
30,CEF2023-010,Complaint External-Formal,NA,Citizen,5128,NA,NA,Complainant,NA,NA,Female,NA,NA,NA,NA,NA,NA,NA,NA,NA,NA
31,CEF2023-010,Complaint External-Formal,NA,Citizen,5297,NA,NA,Complainant,61,NA,Male,White,NA,NA,NA,NA,NA,NA,NA,NA,NA
32,CEF2023-010,Complaint External-Formal,NA,Citizen,5298,NA,NA,Complainant,NA,NA,Female,White,NA,NA,NA,NA,NA,NA,NA,NA,NA
33,CEF2023-010,Complaint External-Formal,NA,Citizen,5299,NA,NA,Complainant,NA,NA,Female,NA,NA,NA,NA,NA,NA,NA,NA,NA,NA
34,CEF2023-011,Complaint External-Formal,Citizen Telephone Call,Officer,19100,"Conduct - Exceeding powers by unreasonable, unlawful or excessive conduct",Sustained,Officer,31,5,Female,White,45012,45011,Completed,NA,NA,NA,NA,NA,NA
35,CEF2023-011,Complaint External-Formal,NA,Citizen,5101,NA,NA,Complainant,28,NA,Male,Unknown,NA,NA,NA,NA,NA,NA,NA,NA,NA
36,CEF2023-012,Complaint External-Formal,Citizen Letter,Officer,19435,Conduct - Unreasonable or unwarranted use of force,No Misconduct,Officer,35,9,Male,White,45097,45069,Completed,NA,NA,NA,NA,NA,NA
37,CEF2023-012,Complaint External-Formal,Citizen Letter,Officer,19436,Conduct - Unreasonable or unwarranted use of force,No Misconduct,Officer,31,1,Female,Hispanic,45097,45069,Completed,NA,NA,NA,NA,NA,NA
38,CEF2023-012,Complaint External-Formal,NA,Citizen,5170,NA,NA,Complainant,35,NA,Female,White,NA,NA,NA,NA,NA,NA,NA,NA,NA
39,CEF2023-012,Complaint External-Formal,NA,Officer,19437,NA,NA,Witness,27,1,Male,White,NA,NA,NA,NA,NA,NA,NA,NA,NA
40,CEF2023-013,Complaint External-Formal,Citizen Telephone Call,Officer,19453,Safety -Unsafe or improper driving habits or actions,No Misconduct,Officer,49,14,Male,White,45085,45085,Completed,NA,NA,NA,NA,NA,NA
41,CEF2023-013,Complaint External-Formal,NA,Citizen,5154,NA,NA,Complainant,NA,NA,Male,Unknown,NA,NA,NA,NA,NA,NA,NA,NA,NA
42,CEF2023-014,Complaint External-Formal,Citizen E-Mail,Officer,19545,"Discrimination, Oppression or Favoritism - Color",Unfounded,Officer,41,12,Male,White,45125,45125,Completed,NA,NA,NA,NA,NA,NA
43,CEF2023-014,Complaint External-Formal,NA,Citizen,5187,NA,NA,Complainant,NA,NA,Male,White,NA,NA,NA,NA,NA,NA,NA,NA,NA
44,CEF2023-014,Complaint External-Formal,NA,Citizen,5188,NA,NA,Complainant,NA,NA,Male,Black,NA,NA,NA,NA,NA,NA,NA,NA,NA
45,CEF2023-014,Complaint External-Formal,NA,Citizen,5189,NA,NA,Complainant,NA,NA,Male,White,NA,NA,NA,NA,NA,NA,NA,NA,NA
46,CEF2023-014,Complaint External-Formal,NA,Citizen,5192,NA,NA,Complainant,NA,NA,Male,White,NA,NA,NA,NA,NA,NA,NA,NA,NA
47,CEF2023-014,Complaint External-Formal,NA,Citizen,5193,NA,NA,Complainant,NA,NA,Female,White,NA,NA,NA,NA,NA,NA,NA,NA,NA
48,CEF2023-014,Complaint External-Formal,NA,Citizen,5194,NA,NA,Complainant,NA,NA,Male,White,NA,NA,NA,NA,NA,NA,NA,NA,NA
49,CEF2023-015,Complaint External-Formal,Criminal Investigation,Officer,19401,Efficiency - Unsatisfactory work performance,Sustained,Officer,65,25,Male,Amer Ind,45090,45069,Completed,NA,NA,NA,NA,NA,NA
50,CEF2023-015,Complaint External-Formal,Criminal Investigation,Officer,19403,Efficiency - Unsatisfactory work performance,Non-Sustained,Officer,35,9,Male,White,45090,45069,Completed,NA,NA,NA,NA,NA,NA
51,CEF2023-015,Complaint External-Formal,NA,Citizen,5156,NA,NA,Complainant,63,NA,Male,White,NA,NA,NA,NA,NA,NA,NA,NA,NA
52,CEF2023-015,Complaint External-Formal,NA,Citizen,5157,NA,NA,Witness,53,NA,Male,White,NA,NA,NA,NA,NA,NA,NA,NA,NA
53,CEF2023-015,Complaint External-Formal,NA,Officer,19404,NA,NA,Complainant,52,14,Male,White,NA,NA,NA,NA,NA,NA,NA,NA,NA
54,CEF2023-015,Complaint External-Formal,NA,Officer,19405,NA,NA,Witness,51,15,Male,White,NA,NA,NA,NA,NA,NA,NA,NA,NA
55,CEF2023-015,Complaint External-Formal,NA,Officer,20112,NA,NA,Witness,26,1,male,white,NA,NA,NA,NA,NA,NA,NA,NA,NA
56,CEF2023-016,Complaint External-Formal,Citizen Telephone Call,Officer,19682,Conduct - Discourteous or disrespectful treatment of public,Unfounded,Officer,60,24,Male,White,45161,45161,Completed,NA,NA,NA,NA,NA,NA
57,CEF2023-016,Complaint External-Formal,NA,Citizen,5208,NA,NA,Complainant,51,NA,Male,Unknown,NA,NA,NA,NA,NA,NA,NA,NA,NA
58,CEF2023-017,Complaint External-Formal,Citizen Telephone Call,Officer,19785,Conduct - Discourteous or disrespectful treatment of public,Exonerated,Officer,38,15,Male,White,45181,45181,Completed,NA,NA,NA,NA,NA,NA
59,CEF2023-017,Complaint External-Formal,NA,Citizen,5227,NA,NA,Complainant,34,NA,Male,N/A,NA,NA,NA,NA,NA,NA,NA,NA,NA
60,CEF2023-018,Complaint External-Formal,Citizen Telephone Call,Officer,19814,Efficiency - Neglect of Duty,Sustained,Officer,31,5,Female,White,45192,45187,Completed,NA,NA,NA,NA,NA,NA
61,CEF2023-018,Complaint External-Formal,NA,Citizen,5238,NA,NA,Complainant,30,NA,Female,NA,NA,NA,NA,NA,NA,NA,NA,NA,NA
62,CEF2023-018,Complaint External-Formal,NA,Citizen,5239,NA,NA,Complainant,38,NA,Male,NA,NA,NA,NA,NA,NA,NA,NA,NA,NA
63,CEF2023-018,Complaint External-Formal,NA,Citizen,5300,NA,NA,Complainant,41,NA,Female,White,NA,NA,NA,NA,NA,NA,NA,NA,NA
64,CEF2023-018,Complaint External-Formal,NA,Citizen,5301,NA,NA,Complainant,63,NA,Male,White,NA,NA,NA,NA,NA,NA,NA,NA,NA
65,CEF2023-020,Complaint External-Formal,Citizen E-Mail,Officer,19973,"Discrimination, Oppression or Favoritism - Color",No Misconduct,Officer,49,14,Male,White,45222,45168,Completed,NA,NA,NA,NA,NA,NA
66,CEI2023-001,Complaint External-Informal,Citizen Telephone Call,NA,NA,NA,NA,NA,NA,NA,NA,NA,44936,44936,Completed,NA,NA,NA,NA,NA,NA
67,CEI2023-001,Complaint External-Informal,NA,Citizen,5019,NA,NA,Complainant,31,NA,Male,White,NA,NA,NA,NA,NA,NA,NA,NA,NA
68,CEI2023-001,Complaint External-Informal,NA,Officer,18795,NA,NA,Officer,32,7,Male,White,NA,NA,NA,NA,NA,NA,NA,NA,NA
69,CEI2023-001,Complaint External-Informal,NA,Officer,18796,NA,NA,Witness,49,18,Male,White,NA,NA,NA,NA,NA,NA,NA,NA,NA
70,CEI2023-002,Complaint External-Informal,Citizen E-Mail,Officer,18886,Conduct - Discourteous or disrespectful treatment of public,NA,Officer,38,6,Male,White,44952,44940,Completed,NA,NA,NA,NA,NA,NA
71,CEI2023-002,Complaint External-Informal,NA,Citizen,5035,NA,NA,Complainant,NA,NA,NA,NA,NA,NA,NA,NA,NA,NA,NA,NA,NA
72,CEI2023-005,Complaint External-Informal,Citizen Telephone Call,Officer,19121,Conduct - Discourteous or disrespectful treatment of public,No Misconduct,Officer,38,10,Male,White,45020,45020,Completed,NA,NA,NA,NA,NA,NA
73,CEI2023-005,Complaint External-Informal,NA,Citizen,5108,NA,NA,Complainant,NA,NA,Male,Unknown,NA,NA,NA,NA,NA,NA,NA,NA,NA
74,CEI2023-005,Complaint External-Informal,NA,Officer,19122,NA,NA,Witness,37,7,Male,Vietnamese,NA,NA,NA,NA,NA,NA,NA,NA,NA
75,CEI2023-006,Complaint External-Informal,Citizen Telephone Call,Officer,19078,Efficiency - Unsatisfactory work performance,No Misconduct,Officer,40,8,Male,White,45007,45007,Completed,NA,NA,NA,NA,NA,NA
76,CEI2023-006,Complaint External-Informal,NA,Citizen,5092,NA,NA,Complainant,NA,NA,Female,NA,NA,NA,NA,NA,NA,NA,NA,NA,NA
77,CEI2023-007,Complaint External-Informal,Citizen Telephone Call,Officer,19303,Conduct - Discourteous or disrespectful treatment of public,NA,Officer,28,4,male,white,45054,45055,Completed,NA,NA,NA,NA,NA,NA
78,CEI2023-007,Complaint External-Informal,NA,Citizen,5138,NA,NA,Complainant,NA,NA,Female,White,NA,NA,NA,NA,NA,NA,NA,NA,NA
79,CEI2023-008,Complaint External-Formal,Employee,Officer,19381,"Conduct - Exceeding powers by unreasonable, unlawful or excessive conduct",Exonerated,Officer,33,7,Male,White,45082,45080,Completed,NA,NA,NA,NA,NA,NA
80,CEI2023-008,Complaint External-Formal,NA,Citizen,5155,NA,NA,Complainant,NA,NA,Male,Black,NA,NA,NA,NA,NA,NA,NA,NA,NA
81,CEI2023-008,Complaint External-Formal,NA,Officer,20113,NA,NA,Witness,33,6,Male,White,NA,NA,NA,NA,NA,NA,NA,NA,NA
82,CEI2023-009,Complaint External-Informal,Citizen Telephone Call,Officer,19546,"Discrimination, Oppression or Favoritism - Color",No Misconduct,Officer,34,1,male,white,45125,45086,Completed,NA,NA,NA,NA,NA,NA
83,CEI2023-009,Complaint External-Informal,NA,Citizen,5183,NA,NA,Complainant,58,NA,Male,Black,NA,NA,NA,NA,NA,NA,NA,NA,NA
84,CEI2023-010,Complaint External-Informal,Employee,Officer,19530,"Conduct - Exceeding powers by unreasonable, unlawful or excessive conduct",No Misconduct,Officer,24,0,male,white,45120,45120,Completed,NA,NA,NA,NA,NA,NA
85,CEI2023-010,Complaint External-Informal,NA,Citizen,5180,NA,NA,Complainant,56,NA,Female,White,NA,NA,NA,NA,NA,NA,NA,NA,NA
86,CEI2023-010,Complaint External-Informal,NA,Officer,19531,NA,NA,Witness,42,18,Male,White,NA,NA,NA,NA,NA,NA,NA,NA,NA
87,CEI2023-010,Complaint External-Informal,NA,Officer,20114,NA,NA,Witness,33,6,Male,White,NA,NA,NA,NA,NA,NA,NA,NA,NA
88,CEI2023-011,Complaint External-Informal,Citizen Telephone Call,Officer,19608,Conduct - Unreasonable or unwarranted use of force,No Misconduct,Officer,53,9,Male,White,45142,45141,Completed,NA,NA,NA,NA,NA,NA
89,CEI2023-011,Complaint External-Informal,Citizen Telephone Call,Officer,19608,Conduct - Discourteous or disrespectful treatment of public,No Misconduct,Officer,53,9,Male,White,45142,45141,Completed,NA,NA,NA,NA,NA,NA
90,CEI2023-011,Complaint External-Informal,Citizen Telephone Call,Officer,19609,Conduct - Discourteous or disrespectful treatment of public,No Misconduct,Officer,27,2,Male,White,45142,45141,Completed,NA,NA,NA,NA,NA,NA
91,CEI2023-011,Complaint External-Informal,Citizen Telephone Call,Officer,19609,Conduct - Unreasonable or unwarranted use of force,No Misconduct,Officer,27,2,Male,White,45142,45141,Completed,NA,NA,NA,NA,NA,NA
92,CEI2023-011,Complaint External-Informal,Citizen Telephone Call,Officer,19610,Conduct - Discourteous or disrespectful treatment of public,No Misconduct,Officer,33,6,Male,White,45142,45141,Completed,NA,NA,NA,NA,NA,NA
93,CEI2023-011,Complaint External-Informal,Citizen Telephone Call,Officer,19610,Conduct - Unreasonable or unwarranted use of force,No Misconduct,Officer,33,6,Male,White,45142,45141,Completed,NA,NA,NA,NA,NA,NA
94,CEI2023-011,Complaint External-Informal,Citizen Telephone Call,Officer,19611,Conduct - Unreasonable or unwarranted use of force,No Misconduct,Officer,33,7,Male,White,45142,45141,Completed,NA,NA,NA,NA,NA,NA
95,CEI2023-011,Complaint External-Informal,Citizen Telephone Call,Officer,19611,Conduct - Discourteous or disrespectful treatment of public,No Misconduct,Officer,33,7,Male,White,45142,45141,Completed,NA,NA,NA,NA,NA,NA
96,CEI2023-011,Complaint External-Informal,NA,Citizen,5198,NA,NA,Complainant,NA,NA,Female,White,NA,NA,NA,NA,NA,NA,NA,NA,NA
97,CEI2023-016,Complaint External-Informal,Employee,Officer,19931,"Conduct - Exceeding powers by unreasonable, unlawful or excessive conduct",No Misconduct,Officer,36,6,Male,White,45219,45188,Completed,NA,NA,NA,NA,NA,NA
98,CEI2023-016,Complaint External-Informal,NA,Citizen,5263,NA,NA,Complainant,36,NA,Male,White,NA,NA,NA,NA,NA,NA,NA,NA,NA
99,CIF2023-001,Complaint Internal-Formal,Employee,NA,NA,NA,NA,NA,NA,NA,NA,NA,44966,44939,Completed,NA,NA,NA,NA,NA,NA
100,CIF2023-001,Complaint Internal-Formal,NA,Officer,18942,NA,NA,Witness,46,15,Male,White,NA,NA,NA,NA,NA,NA,NA,NA,NA
101,CIF2023-001,Complaint Internal-Formal,NA,Officer,18943,NA,NA,Witness,48,22,Male,White,NA,NA,NA,NA,NA,NA,NA,NA,NA
102,CIF2023-001,Complaint Internal-Formal,NA,Officer,18956,NA,NA,Witness,60,29,Male,White,NA,NA,NA,NA,NA,NA,NA,NA,NA
103,CIF2023-002,Complaint Internal-Formal,Employee,Officer,18997,"Laws, Rules, and Orders - Violation of policy",Sustained,Officer,37,4,male,white,44980,44976,Completed,NA,NA,NA,NA,NA,NA
104,CIF2023-003,Complaint Internal-Formal,Supervisor,Officer,18989,Efficiency - Neglect of Duty,Sustained,Officer,42,12,Male,White,44978,44978,Completed,NA,NA,NA,NA,NA,NA
105,CIF2023-003,Complaint Internal-Formal,NA,Officer,18988,NA,NA,Complainant,54,26,Female,White,NA,NA,NA,NA,NA,NA,NA,NA,NA
106,CIF2023-003,Complaint Internal-Formal,NA,Officer,18990,NA,NA,Witness,32,8,Male,Asian,NA,NA,NA,NA,NA,NA,NA,NA,NA
107,CIF2023-003,Complaint Internal-Formal,NA,Officer,18991,NA,NA,Witness,32,5,Male,White,NA,NA,NA,NA,NA,NA,NA,NA,NA
108,CIF2023-003,Complaint Internal-Formal,NA,Officer,18992,NA,NA,Witness,33,7,Female,White,NA,NA,NA,NA,NA,NA,NA,NA,NA
109,CIF2023-003,Complaint Internal-Formal,NA,Officer,18993,NA,NA,Witness,64,39,Female,White,NA,NA,NA,NA,NA,NA,NA,NA,NA
110,CIF2023-003,Complaint Internal-Formal,NA,Officer,18994,NA,NA,Witness,44,8,Female,White,NA,NA,NA,NA,NA,NA,NA,NA,NA
111,CIF2023-004,Complaint Internal-Formal,Supervisor,Officer,19071,"Laws, Rules, and Orders - Violation of federal, state, local or admin laws, rules or regulations",NA,Officer,41,13,Male,White,45006,44999,Suspended,NA,NA,NA,NA,NA,NA
112,CIF2023-005,Complaint Internal-Formal,Employee,Officer,19148,"Laws, Rules and Orders - Volation of policy, procedure, rule, order, directive, requirement or City manuals",Administrative,Officer,31,5,Female,White,45027,45027,Completed,NA,NA,NA,NA,NA,NA
113,CIF2023-005,Complaint Internal-Formal,NA,Officer,19147,NA,NA,Complainant,40,17,Male,White,NA,NA,NA,NA,NA,NA,NA,NA,NA
114,CIF2023-005,Complaint Internal-Formal,NA,Officer,19149,NA,NA,Witness,52,29,Male,White,NA,NA,NA,NA,NA,NA,NA,NA,NA
115,CIF2023-006,Complaint Internal-Formal,Supervisor,Officer,19259,"Conduct - Exceeding powers by unreasonable, unlawful or excessive conduct",Sustained,Officer,33,7,Male,White,45037,45037,Completed,NA,NA,NA,NA,NA,NA
116,CIF2023-006,Complaint Internal-Formal,NA,Citizen,5136,NA,NA,Witness,38,NA,Female,White,NA,NA,NA,NA,NA,NA,NA,NA,NA
117,CIF2023-006,Complaint Internal-Formal,NA,Officer,19260,NA,NA,Complainant,37,14,Male,White,NA,NA,NA,NA,NA,NA,NA,NA,NA
118,CIF2023-006,Complaint Internal-Formal,NA,Officer,19304,NA,NA,Witness,23,1,m,w,NA,NA,NA,NA,NA,NA,NA,NA,NA
119,CIF2023-007,Complaint Internal-Formal,Employee,Officer,19333,* Use of Force,Exonerated,Officer,39,5,Male,White,45068,45068,Completed,NA,NA,NA,NA,NA,NA
120,CIF2023-007,Complaint Internal-Formal,NA,Citizen,5144,NA,NA,Complainant,22,NA,Male,Unknown,NA,NA,NA,NA,NA,NA,NA,NA,NA
121,CIF2023-008,Complaint Internal-Formal,Employee,Officer,19335,"Laws, Rules, and Orders - Disobedience / Insubordination",Sustained,Officer,31,5,Female,White,45068,45062,Completed,NA,NA,NA,NA,NA,NA
122,CIF2023-008,Complaint Internal-Formal,NA,Officer,19337,NA,NA,Witness,33,7,Male,White,NA,NA,NA,NA,NA,NA,NA,NA,NA
123,CIF2023-009,Complaint Internal-Informal,Employee,Officer,19390,Attendance - Failure to report on time or fully prepared to perform duties without excuse,Corrective Action,Officer,38,1,male,White,45088,45088,Completed,NA,NA,NA,NA,NA,NA
124,CIF2023-009,Complaint Internal-Informal,NA,Officer,19389,NA,NA,Complainant,51,28,Male,White,NA,NA,NA,NA,NA,NA,NA,NA,NA
125,CIF2023-010,Complaint Internal-Formal,Supervisor,Officer,19616,Safety - Failure to observe safety standards or safe working practices,Sustained,Officer,33,7,Male,White,45145,45115,Completed,NA,NA,NA,NA,NA,NA
126,CIF2023-010,Complaint Internal-Formal,Supervisor,Officer,19616,"Conduct - Use of obscene, indecent, profane or derogatory language",Sustained,Officer,33,7,Male,White,45145,45115,Completed,NA,NA,NA,NA,NA,NA
127,CIF2023-010,Complaint Internal-Formal,NA,Officer,19619,NA,NA,Witness,33,4,male,white,NA,NA,NA,NA,NA,NA,NA,NA,NA
128,CIF2023-010,Complaint Internal-Formal,NA,Officer,19620,NA,NA,Witness,36,1,Male,White,NA,NA,NA,NA,NA,NA,NA,NA,NA
129,CIF2023-010,Complaint Internal-Formal,NA,Officer,19621,NA,NA,Witness,27,4,Male,white,NA,NA,NA,NA,NA,NA,NA,NA,NA
130,CIF2023-012,Complaint Internal-Formal,Employee,Officer,19626,Efficiency - Neglect of Duty,Sustained,Officer,37,7,Male,Vietnamese,45147,45147,Completed,NA,NA,NA,NA,NA,NA
131,CIF2023-012,Complaint Internal-Formal,Employee,Officer,19627,Efficiency - Neglect of Duty,Sustained,Officer,30,5,Male,White,45147,45147,Completed,NA,NA,NA,NA,NA,NA
132,CIF2023-012,Complaint Internal-Formal,NA,Citizen,5202,NA,NA,Complainant,38,NA,Male,N/A,NA,NA,NA,NA,NA,NA,NA,NA,NA
133,CIF2023-014,Complaint Internal-Formal,Employee,Officer,19742,*EIS Review - Supervisor Requested,NA,Officer,36,5,Male,White,45177,45177,Suspended,NA,NA,NA,NA,NA,NA
134,CIF2023-015,Complaint Internal-Formal,Employee,Officer,19807,Conduct - Discourteous or disrespectful treatment of employee,Sustained,Officer,32,7,Female,White,45194,45190,Completed,NA,NA,NA,NA,NA,NA
135,CIF2023-015,Complaint Internal-Formal,NA,Citizen,5242,NA,NA,Complainant,19,NA,Male,White,NA,NA,NA,NA,NA,NA,NA,NA,NA
136,CIF2023-015,Complaint Internal-Formal,NA,Citizen,5243,NA,NA,Complainant,48,NA,Female,White,NA,NA,NA,NA,NA,NA,NA,NA,NA
137,CIF2023-015,Complaint Internal-Formal,NA,Citizen,5248,NA,NA,Complainant,43,NA,Male,White,NA,NA,NA,NA,NA,NA,NA,NA,NA
138,CIF2023-015,Complaint Internal-Formal,NA,Citizen,5254,NA,NA,Complainant,NA,NA,Female,White,NA,NA,NA,NA,NA,NA,NA,NA,NA
139,CIF2023-015,Complaint Internal-Formal,NA,Citizen,5255,NA,NA,Complainant,38,NA,Male,White,NA,NA,NA,NA,NA,NA,NA,NA,NA
140,CIF2023-015,Complaint Internal-Formal,NA,Officer,20108,NA,NA,Complainant,50,18,Male,White,NA,NA,NA,NA,NA,NA,NA,NA,NA
141,CIF2023-015,Complaint Internal-Formal,NA,Officer,20109,NA,NA,Complainant,58,10,Female,White,NA,NA,NA,NA,NA,NA,NA,NA,NA
142,CIF2023-015,Complaint Internal-Formal,NA,Officer,20110,NA,NA,Witness,50,2,Male,White,NA,NA,NA,NA,NA,NA,NA,NA,NA
143,CIF2023-016,Complaint Internal-Formal,Employee,Officer,19763,Attendance - Unexcused or unauthorized tardiness,Exceptional,Officer,21,0,female,white,45186,45185,Completed,NA,NA,NA,NA,NA,NA
144,CIF2023-016,Complaint Internal-Formal,Employee,Officer,19763,Ethics - Failure to abide by the standards of ethical conduct,Exceptional,Officer,21,0,female,white,45186,45185,Completed,NA,NA,NA,NA,NA,NA
145,CIF2023-016,Complaint Internal-Formal,NA,Officer,19762,NA,NA,Complainant,39,2,Male,White,NA,NA,NA,NA,NA,NA,NA,NA,NA
146,CIF2023-016,Complaint Internal-Formal,NA,Officer,19764,NA,NA,Witness,22,0,female,white,NA,NA,NA,NA,NA,NA,NA,NA,NA
147,CII2023-001,Complaint Internal-Informal,Employee,Officer,19205,"Conduct - Other conduct contrary to good order, efficiency or morale",Exceptional,Officer,44,11,Male,White,45034,45034,Completed,NA,NA,NA,NA,NA,NA
148,CII2023-001,Complaint Internal-Informal,NA,Officer,19204,NA,NA,Complainant,52,24,Male,White,NA,NA,NA,NA,NA,NA,NA,NA,NA
149,CII2023-001,Complaint Internal-Informal,NA,Officer,19206,NA,NA,Witness,47,7,Female,White,NA,NA,NA,NA,NA,NA,NA,NA,NA
150,CII2023-001,Complaint Internal-Informal,NA,Officer,19207,NA,NA,Witness,41,4,Female,White,NA,NA,NA,NA,NA,NA,NA,NA,NA
151,CII2023-001,Complaint Internal-Informal,NA,Officer,19208,NA,NA,Witness,51,18,Female,White,NA,NA,NA,NA,NA,NA,NA,NA,NA
152,CII2023-002,Complaint Internal-Informal,Supervisor,Officer,19128,"Laws, Rules, and Orders - Disobedience / Insubordination",Exceptional,Officer,40,8,Male,White,45021,45002,Completed,NA,NA,NA,NA,NA,NA
153,CII2023-002,Complaint Internal-Informal,NA,Officer,19129,NA,NA,Officer,24,2,Male,White,NA,NA,NA,NA,NA,NA,NA,NA,NA
154,CII2023-002,Complaint Internal-Informal,NA,Officer,19130,NA,NA,Complainant,40,16,Male,Black,NA,NA,NA,NA,NA,NA,NA,NA,NA
155,CII2023-003,Complaint Internal-Informal,Employee,Officer,19257,"Laws, Rules, and Orders - Violation of directive",Corrective Action,Officer,42,12,Male,White,45023,45023,Completed,NA,NA,NA,NA,NA,NA
156,CII2023-003,Complaint Internal-Informal,NA,Officer,19258,NA,NA,Complainant,37,14,Male,White,NA,NA,NA,NA,NA,NA,NA,NA,NA
157,CII2023-004,Complaint Internal-Informal,Employee,Officer,19317,Performance - Failure to disclose or misrepresenting material facts,Corrective Action,Officer,45,4,female,white,45049,45045,Completed,NA,NA,NA,NA,NA,NA
158,CII2023-004,Complaint Internal-Informal,NA,Officer,19318,NA,NA,Complainant,51,18,Female,White,NA,NA,NA,NA,NA,NA,NA,NA,NA
159,CII2023-005,Complaint Internal-Informal,Employee,Officer,19285,Performance - Failure to disclose or misrepresenting material facts,Corrective Action,Officer,72,17,Female,White,45049,45045,Completed,NA,NA,NA,NA,NA,NA
160,CII2023-005,Complaint Internal-Informal,NA,Officer,19284,NA,NA,Complainant,51,18,Female,White,NA,NA,NA,NA,NA,NA,NA,NA,NA
161,CII2023-005,Complaint Internal-Informal,NA,Officer,19286,NA,NA,Witness,45,4,female,white,NA,NA,NA,NA,NA,NA,NA,NA,NA
162,CII2023-006,Complaint Internal-Informal,Employee,Officer,19439,"Laws, Rules, and Orders - Violation of policy",Corrective Action,Officer,37,14,Male,White,45097,45037,Completed,NA,NA,NA,NA,NA,NA
163,CII2023-006,Complaint Internal-Informal,NA,Officer,19456,NA,NA,Witness,33,7,Male,White,NA,NA,NA,NA,NA,NA,NA,NA,NA
164,CII2023-008,Complaint Internal-Informal,Supervisor,Officer,19750,Attendance - Failure to report on time or fully prepared to perform duties without excuse,Corrective Action,Officer,21,0,female,white,45180,45180,Completed,NA,NA,NA,NA,NA,NA
165,CII2023-008,Complaint Internal-Informal,NA,Officer,19751,NA,NA,Witness,36,14,Female,White,NA,NA,NA,NA,NA,NA,NA,NA,NA
166,CII2023-008,Complaint Internal-Informal,NA,Officer,19752,NA,NA,Witness,36,9,Male,White,NA,NA,NA,NA,NA,NA,NA,NA,NA
167,CII2023-008,Complaint Internal-Informal,NA,Officer,19753,NA,NA,Witness,22,0,female,white,NA,NA,NA,NA,NA,NA,NA,NA,NA
168,CII2023-008,Complaint Internal-Informal,NA,Officer,19754,NA,NA,Witness,55,20,Female,White,NA,NA,NA,NA,NA,NA,NA,NA,NA
169,CII2023-009,Complaint External-Informal,Supervisor,Officer,19710,Efficiency - Neglect of Duty,Corrective Action,Officer,22,0,female,white,45166,45166,Completed,NA,NA,NA,NA,NA,NA
170,CII2023-009,Complaint External-Informal,NA,Citizen,5216,NA,NA,Complainant,NA,NA,Male,White,NA,NA,NA,NA,NA,NA,NA,NA,NA
171,CII2023-009,Complaint External-Informal,NA,Officer,19711,NA,NA,Witness,36,14,Female,White,NA,NA,NA,NA,NA,NA,NA,NA,NA
172,CII2023-009,Complaint External-Informal,NA,Officer,19712,NA,NA,Witness,39,2,Male,White,NA,NA,NA,NA,NA,NA,NA,NA,NA
173,CII2023-009,Complaint External-Informal,NA,Officer,19713,NA,NA,Witness,55,20,Female,White,NA,NA,NA,NA,NA,NA,NA,NA,NA
174,CII2023-010,Complaint External-Formal,Citizen Telephone Call,Officer,19770,Conduct - Discourteous or disrespectful treatment of public,Sustained,Officer,29,5,Male,White,45186,45186,Completed,NA,NA,NA,NA,NA,NA
175,CII2023-010,Complaint External-Formal,NA,Citizen,5235,NA,NA,Complainant,39,NA,Male,White,NA,NA,NA,NA,NA,NA,NA,NA,NA
176,CII2023-010,Complaint External-Formal,NA,Officer,19771,NA,NA,Witness,27,4,Male,white,NA,NA,NA,NA,NA,NA,NA,NA,NA
177,CII2023-010,Complaint External-Formal,NA,Officer,19772,NA,NA,Witness,30,4,male,white,NA,NA,NA,NA,NA,NA,NA,NA,NA
178,CII2023-013,Complaint Internal-Informal,Supervisor,Officer,19798,Attendance - Unexcused or unauthorized tardiness,Corrective Action,Officer,36,9,Male,White,45194,45194,Completed,NA,NA,NA,NA,NA,NA
179,CII2023-013,Complaint Internal-Informal,NA,Officer,19797,NA,NA,Complainant,51,28,Male,White,NA,NA,NA,NA,NA,NA,NA,NA,NA
180,UF2023-001,Use of force,Employee,Citizen,5016,NA,NA,NA,NA,NA,NA,NA,NA,NA,NA,Arrest,No Force (Complaint of Inj),Passive Non Compliant,n/a,No,Yes
181,UF2023-001,Use of force,Employee,Officer/Reporter,18759,NA,NA,NA,NA,NA,NA,NA,NA,NA,NA,Arrest,No Force (Complaint of Inj),N/A (Complaint Only),No,No,No
182,UF2023-001,Use of force,Employee,Officer/Witness,18760,NA,NA,NA,NA,NA,NA,NA,NA,NA,NA,Arrest,No Force (Complaint of Inj),NA,NA,No,No
183,UF2023-001,Use of force,Employee,NA,NA,NA,NA,NA,NA,NA,NA,NA,44931,44931,Completed,NA,NA,NA,NA,NA,NA
184,UF2023-001,Use of force,NA,Citizen,5016,NA,NA,Complainant,40,NA,Male,Hispanic,NA,NA,NA,NA,NA,NA,NA,NA,NA
185,UF2023-001,Use of force,NA,Officer,18759,NA,NA,Officer,29,5,Male,White,NA,NA,NA,NA,NA,NA,NA,NA,NA
186,UF2023-001,Use of force,NA,Officer,18760,NA,NA,Witness,24,2,Male,White,NA,NA,NA,NA,NA,NA,NA,NA,NA
187,UF2023-002,Use of force,Employee,Officer/Reporter,18815,NA,NA,NA,NA,NA,NA,NA,NA,NA,NA,911 call,Destructive Self/Others,OC Use,Yes,No,No
188,UF2023-002,Use of force,Employee,NA,NA,NA,NA,NA,NA,NA,NA,NA,44942,44942,Completed,NA,NA,NA,NA,NA,NA
189,UF2023-002,Use of force,NA,Officer,18815,NA,NA,Officer,36,14,Male,White,NA,NA,NA,NA,NA,NA,NA,NA,NA
190,UF2023-003,Use of force,Employee,Citizen,5020,NA,NA,NA,NA,NA,NA,NA,NA,NA,NA,Arrest,Active Resister Unarmed,NA,n/a,No,Yes
191,UF2023-003,Use of force,Employee,Citizen,5021,NA,NA,NA,NA,NA,NA,NA,NA,NA,NA,Arrest,Active Resister Unarmed,NA,n/a,No,Yes
192,UF2023-003,Use of force,Employee,Officer/Reporter,18810,NA,NA,NA,NA,NA,NA,NA,NA,NA,NA,Arrest,Active Resister Unarmed,Compliance Hold,Yes,No,No
193,UF2023-003,Use of force,Employee,Officer/Reporter,18811,NA,NA,NA,NA,NA,NA,NA,NA,NA,NA,Arrest,Active Resister Unarmed,Compliance Hold,Yes,No,No
194,UF2023-003,Use of force,Employee,Officer/Reporter,18812,NA,NA,NA,NA,NA,NA,NA,NA,NA,NA,Arrest,Active Resister Unarmed,Compliance Hold,Yes,No,No
195,UF2023-003,Use of force,Employee,NA,NA,NA,NA,NA,NA,NA,NA,NA,44937,44937,Completed,NA,NA,NA,NA,NA,NA
196,UF2023-003,Use of force,NA,Citizen,5020,NA,NA,Complainant,24,NA,Female,White,NA,NA,NA,NA,NA,NA,NA,NA,NA
197,UF2023-003,Use of force,NA,Citizen,5021,NA,NA,Witness,37,NA,Female,White,NA,NA,NA,NA,NA,NA,NA,NA,NA
198,UF2023-003,Use of force,NA,Officer,18810,NA,NA,Officer,41,12,Male,White,NA,NA,NA,NA,NA,NA,NA,NA,NA
199,UF2023-003,Use of force,NA,Officer,18811,NA,NA,Officer,44,7,Female,White,NA,NA,NA,NA,NA,NA,NA,NA,NA
200,UF2023-003,Use of force,NA,Officer,18812,NA,NA,Officer,53,9,Male,White,NA,NA,NA,NA,NA,NA,NA,NA,NA
201,UF2023-004,Use of force,Employee,Citizen,5040,NA,NA,NA,NA,NA,NA,NA,NA,NA,NA,911 call,Active Resister Armed,Active Armed,n/a,No,Yes
202,UF2023-004,Use of force,Employee,Officer/Reporter,18893,NA,NA,NA,NA,NA,NA,NA,NA,NA,NA,911 call,Active Resister Armed,NA,NA,No,No
203,UF2023-004,Use of force,Employee,Officer/Witness,18894,NA,NA,NA,NA,NA,NA,NA,NA,NA,NA,911 call,Active Resister Armed,NA,NA,No,No
204,UF2023-004,Use of force,Employee,Officer/Witness,18895,NA,NA,NA,NA,NA,NA,NA,NA,NA,NA,911 call,Active Resister Armed,NA,NA,No,No
205,UF2023-004,Use of force,Employee,Officer/Witness,18896,NA,NA,NA,NA,NA,NA,NA,NA,NA,NA,911 call,Active Resister Armed,NA,NA,No,No
206,UF2023-004,Use of force,Employee,Officer/Witness,18897,NA,NA,NA,NA,NA,NA,NA,NA,NA,NA,911 call,Active Resister Armed,NA,NA,No,No
207,UF2023-004,Use of force,Employee,Officer/Witness,18898,NA,NA,NA,NA,NA,NA,NA,NA,NA,NA,911 call,Active Resister Armed,NA,NA,No,No
208,UF2023-004,Use of force,Employee,NA,NA,NA,NA,NA,NA,NA,NA,NA,44955,44952,Completed,NA,NA,NA,NA,NA,NA
209,UF2023-004,Use of force,NA,Citizen,5040,NA,NA,Complainant,26,NA,Male,White,NA,NA,NA,NA,NA,NA,NA,NA,NA
210,UF2023-004,Use of force,NA,Officer,18893,NA,NA,Officer,27,4,male,white,NA,NA,NA,NA,NA,NA,NA,NA,NA
211,UF2023-004,Use of force,NA,Officer,18894,NA,NA,Witness,33,7,Male,White,NA,NA,NA,NA,NA,NA,NA,NA,NA
212,UF2023-004,Use of force,NA,Officer,18895,NA,NA,Witness,53,9,Male,White,NA,NA,NA,NA,NA,NA,NA,NA,NA
213,UF2023-004,Use of force,NA,Officer,18896,NA,NA,Witness,34,9,Male,Hispanic,NA,NA,NA,NA,NA,NA,NA,NA,NA
214,UF2023-004,Use of force,NA,Officer,18897,NA,NA,Witness,42,18,Male,White,NA,NA,NA,NA,NA,NA,NA,NA,NA
215,UF2023-004,Use of force,NA,Officer,18898,NA,NA,Witness,43,14,Male,White,NA,NA,NA,NA,NA,NA,NA,NA,NA
216,UF2023-005,Use of force,Employee,Citizen,5070,NA,NA,NA,NA,NA,NA,NA,NA,NA,NA,911 call,Active Resister Unarmed,Active Unarmed,n/a,No,Yes
217,UF2023-005,Use of force,Employee,Citizen,5070,NA,NA,NA,NA,NA,NA,NA,NA,NA,NA,911 call,Active Resister Unarmed,Passive Non Compliant,n/a,No,Yes
218,UF2023-005,Use of force,Employee,Officer/Reporter,18982,NA,NA,NA,NA,NA,NA,NA,NA,NA,NA,911 call,Active Resister Unarmed,Arm Bar Takedown,Yes,No,No
219,UF2023-005,Use of force,Employee,NA,NA,NA,NA,NA,NA,NA,NA,NA,44974,44974,Completed,NA,NA,NA,NA,NA,NA
220,UF2023-005,Use of force,NA,Citizen,5070,NA,NA,Complainant,28,NA,Male,White,NA,NA,NA,NA,NA,NA,NA,NA,NA
221,UF2023-005,Use of force,NA,Officer,18982,NA,NA,Officer,30,1,male,white,NA,NA,NA,NA,NA,NA,NA,NA,NA
222,UF2023-006,Use of force,Employee,Citizen,5034,NA,NA,NA,NA,NA,NA,NA,NA,NA,NA,Disturbance,Passive Non Compliant,Active Unarmed,n/a,No,Yes
223,UF2023-006,Use of force,Employee,Officer/Reporter,18851,NA,NA,NA,NA,NA,NA,NA,NA,NA,NA,Disturbance,Passive Non Compliant,Bean Bag (Shotgun),Yes,No,No
224,UF2023-006,Use of force,Employee,Officer/Reporter,18851,NA,NA,NA,NA,NA,NA,NA,NA,NA,NA,Disturbance,Passive Non Compliant,Leg Restraint,Yes,No,No
225,UF2023-006,Use of force,Employee,Officer/Reporter,18851,NA,NA,NA,NA,NA,NA,NA,NA,NA,NA,Disturbance,Passive Non Compliant,Taser Use,No,No,No
226,UF2023-006,Use of force,Employee,Officer/Reporter,18852,NA,NA,NA,NA,NA,NA,NA,NA,NA,NA,Disturbance,Passive Non Compliant,NA,NA,No,No
227,UF2023-006,Use of force,Employee,Officer/Reporter,18853,NA,NA,NA,NA,NA,NA,NA,NA,NA,NA,Disturbance,Passive Non Compliant,Tackle,Yes,No,No
228,UF2023-006,Use of force,Employee,Officer/Reporter,18854,NA,NA,NA,NA,NA,NA,NA,NA,NA,NA,Disturbance,Passive Non Compliant,NA,NA,No,No
229,UF2023-006,Use of force,Employee,NA,NA,NA,NA,NA,NA,NA,NA,NA,44950,44950,Completed,NA,NA,NA,NA,NA,NA
230,UF2023-006,Use of force,NA,Citizen,5034,NA,NA,Complainant,24,NA,Male,Hispanic,NA,NA,NA,NA,NA,NA,NA,NA,NA
231,UF2023-006,Use of force,NA,Officer,18851,NA,NA,Officer,42,12,Male,White,NA,NA,NA,NA,NA,NA,NA,NA,NA
232,UF2023-006,Use of force,NA,Officer,18852,NA,NA,Officer,41,12,Male,White,NA,NA,NA,NA,NA,NA,NA,NA,NA
233,UF2023-006,Use of force,NA,Officer,18853,NA,NA,Officer,33,10,Male,White,NA,NA,NA,NA,NA,NA,NA,NA,NA
234,UF2023-006,Use of force,NA,Officer,18854,NA,NA,Officer,32,8,Male,Asian,NA,NA,NA,NA,NA,NA,NA,NA,NA
235,UF2023-007,Use of force,Employee,Officer/Reporter,18823,NA,NA,NA,NA,NA,NA,NA,NA,NA,NA,Arrest,Active Resister Unarmed,Strike w/ hand-foot-etc.,Yes,No,No
236,UF2023-007,Use of force,Employee,Officer/Witness,18824,NA,NA,NA,NA,NA,NA,NA,NA,NA,NA,Arrest,Active Resister Unarmed,NA,NA,No,No
237,UF2023-007,Use of force,Employee,Officer/Witness,18825,NA,NA,NA,NA,NA,NA,NA,NA,NA,NA,Arrest,Active Resister Unarmed,NA,NA,No,No
238,UF2023-007,Use of force,Employee,NA,NA,NA,NA,NA,NA,NA,NA,NA,44943,44943,Completed,NA,NA,NA,NA,NA,NA
239,UF2023-007,Use of force,NA,Officer,18823,NA,NA,Officer,33,7,Male,White,NA,NA,NA,NA,NA,NA,NA,NA,NA
240,UF2023-007,Use of force,NA,Officer,18824,NA,NA,Witness,33,7,Male,White,NA,NA,NA,NA,NA,NA,NA,NA,NA
241,UF2023-007,Use of force,NA,Officer,18825,NA,NA,Witness,42,14,Male,White,NA,NA,NA,NA,NA,NA,NA,NA,NA
242,UF2023-008,Use of force,Employee,Citizen,5081,NA,NA,NA,NA,NA,NA,NA,NA,NA,NA,Fight Call,Destructive Self/Others,NA,n/a,No,No
243,UF2023-008,Use of force,Employee,Officer/Reporter,19036,NA,NA,NA,NA,NA,NA,NA,NA,NA,NA,Fight Call,Destructive Self/Others,OC Use,Yes,No,No
244,UF2023-008,Use of force,Employee,NA,NA,NA,NA,NA,NA,NA,NA,NA,44990,44990,Completed,NA,NA,NA,NA,NA,NA
245,UF2023-008,Use of force,NA,Citizen,5081,NA,NA,Complainant,NA,NA,Male,Unknown,NA,NA,NA,NA,NA,NA,NA,NA,NA
246,UF2023-008,Use of force,NA,Officer,19036,NA,NA,Officer,44,2,male,Native Am,NA,NA,NA,NA,NA,NA,NA,NA,NA
247,UF2023-009,Use of force,Employee,Citizen,5077,NA,NA,NA,NA,NA,NA,NA,NA,NA,NA,Suicide Attempt,Passive Non Compliant,Active Unarmed,n/a,No,Yes
248,UF2023-009,Use of force,Employee,Citizen,5078,NA,NA,NA,NA,NA,NA,NA,NA,NA,NA,Suicide Attempt,Passive Non Compliant,NA,n/a,No,Yes
249,UF2023-009,Use of force,Employee,Officer/Reporter,19005,NA,NA,NA,NA,NA,NA,NA,NA,NA,NA,Suicide Attempt,Passive Non Compliant,Taser Use,No,No,No
250,UF2023-009,Use of force,Employee,Officer/Reporter,19006,NA,NA,NA,NA,NA,NA,NA,NA,NA,NA,Suicide Attempt,Passive Non Compliant,Tackle,Yes,No,No
251,UF2023-009,Use of force,Employee,Officer/Reporter,19006,NA,NA,NA,NA,NA,NA,NA,NA,NA,NA,Suicide Attempt,Passive Non Compliant,Taser Use,Limited,No,No
252,UF2023-009,Use of force,Employee,Officer/Reporter,19006,NA,NA,NA,NA,NA,NA,NA,NA,NA,NA,Suicide Attempt,Passive Non Compliant,Taser Use,No,No,No
253,UF2023-009,Use of force,Employee,NA,NA,NA,NA,NA,NA,NA,NA,NA,44986,44985,Completed,NA,NA,NA,NA,NA,NA
254,UF2023-009,Use of force,NA,Citizen,5077,NA,NA,Complainant,42,NA,Male,White,NA,NA,NA,NA,NA,NA,NA,NA,NA
255,UF2023-009,Use of force,NA,Citizen,5078,NA,NA,Witness,71,NA,Female,White,NA,NA,NA,NA,NA,NA,NA,NA,NA
256,UF2023-009,Use of force,NA,Officer,19005,NA,NA,Officer,38,14,Male,White,NA,NA,NA,NA,NA,NA,NA,NA,NA
257,UF2023-009,Use of force,NA,Officer,19006,NA,NA,Officer,40,4,male,white,NA,NA,NA,NA,NA,NA,NA,NA,NA
258,UF2023-010,Use of force,Employee,Citizen,5080,NA,NA,NA,NA,NA,NA,NA,NA,NA,NA,Disturbance,Destructive Self/Others,NA,n/a,No,No
259,UF2023-010,Use of force,Employee,Officer/Reporter,19031,NA,NA,NA,NA,NA,NA,NA,NA,NA,NA,Disturbance,Destructive Self/Others,Tackle,Yes,No,No
260,UF2023-010,Use of force,Employee,NA,NA,NA,NA,NA,NA,NA,NA,NA,44988,44988,Completed,NA,NA,NA,NA,NA,NA
261,UF2023-010,Use of force,NA,Citizen,5080,NA,NA,Complainant,17,NA,Female,Black,NA,NA,NA,NA,NA,NA,NA,NA,NA
262,UF2023-010,Use of force,NA,Officer,19031,NA,NA,Officer,52,9,Male,White,NA,NA,NA,NA,NA,NA,NA,NA,NA
263,UF2023-011,Use of force,Employee,Officer/Reporter,19034,NA,NA,NA,NA,NA,NA,NA,NA,NA,NA,Disturbance,Active Fleeing,Tackle,Yes,No,Yes
264,UF2023-011,Use of force,Employee,Officer/Reporter,19035,NA,NA,NA,NA,NA,NA,NA,NA,NA,NA,Disturbance,Active Fleeing,NA,NA,No,Yes
265,UF2023-011,Use of force,Employee,NA,NA,NA,NA,NA,NA,NA,NA,NA,44989,44988,Completed,NA,NA,NA,NA,NA,NA
266,UF2023-011,Use of force,NA,Officer,19034,NA,NA,Officer,37,4,male,white,NA,NA,NA,NA,NA,NA,NA,NA,NA
267,UF2023-011,Use of force,NA,Officer,19035,NA,NA,Officer,52,9,Male,White,NA,NA,NA,NA,NA,NA,NA,NA,NA
268,UF2023-012,Use of force,Employee,Citizen,5095,NA,NA,NA,NA,NA,NA,NA,NA,NA,NA,Investigation,Active Resister Unarmed,Active Unarmed,n/a,No,Yes
269,UF2023-012,Use of force,Employee,Citizen,5096,NA,NA,NA,NA,NA,NA,NA,NA,NA,NA,Investigation,Active Resister Unarmed,NA,n/a,No,Yes
270,UF2023-012,Use of force,Employee,Officer/Reporter,19090,NA,NA,NA,NA,NA,NA,NA,NA,NA,NA,Investigation,Active Resister Unarmed,NA,NA,No,No
271,UF2023-012,Use of force,Employee,Officer/Witness,19091,NA,NA,NA,NA,NA,NA,NA,NA,NA,NA,Investigation,Active Resister Unarmed,NA,NA,No,No
272,UF2023-012,Use of force,Employee,NA,NA,NA,NA,NA,NA,NA,NA,NA,45008,45008,Completed,NA,NA,NA,NA,NA,NA
273,UF2023-012,Use of force,NA,Citizen,5095,NA,NA,Complainant,15,NA,Male,Black,NA,NA,NA,NA,NA,NA,NA,NA,NA
274,UF2023-012,Use of force,NA,Citizen,5096,NA,NA,Witness,52,NA,Male,White,NA,NA,NA,NA,NA,NA,NA,NA,NA
275,UF2023-012,Use of force,NA,Officer,19090,NA,NA,Officer,35,10,Male,Black,NA,NA,NA,NA,NA,NA,NA,NA,NA
276,UF2023-012,Use of force,NA,Officer,19091,NA,NA,Witness,52,9,Male,White,NA,NA,NA,NA,NA,NA,NA,NA,NA
277,UF2023-013,Use of force,Employee,Citizen,5088,NA,NA,NA,NA,NA,NA,NA,NA,NA,NA,Disturbance,Destructive Self/Others,NA,n/a,No,No
278,UF2023-013,Use of force,Employee,Citizen,5089,NA,NA,NA,NA,NA,NA,NA,NA,NA,NA,Disturbance,Destructive Self/Others,Active Unarmed,n/a,No,No
279,UF2023-013,Use of force,Employee,Officer/Reporter,19069,NA,NA,NA,NA,NA,NA,NA,NA,NA,NA,Disturbance,Destructive Self/Others,Arm Bar Takedown,Yes,No,No
280,UF2023-013,Use of force,Employee,Officer/Reporter,19069,NA,NA,NA,NA,NA,NA,NA,NA,NA,NA,Disturbance,Destructive Self/Others,Compliance Hold,Yes,No,No
281,UF2023-013,Use of force,Employee,NA,NA,NA,NA,NA,NA,NA,NA,NA,45005,45004,Completed,NA,NA,NA,NA,NA,NA
282,UF2023-013,Use of force,NA,Citizen,5088,NA,NA,Complainant,37,NA,Female,Unknown,NA,NA,NA,NA,NA,NA,NA,NA,NA
283,UF2023-013,Use of force,NA,Citizen,5089,NA,NA,Complainant,14,NA,Male,White,NA,NA,NA,NA,NA,NA,NA,NA,NA
284,UF2023-013,Use of force,NA,Officer,19069,NA,NA,Officer,37,4,male,white,NA,NA,NA,NA,NA,NA,NA,NA,NA
285,UF2023-014,Use of force,Employee,Citizen,5084,NA,NA,NA,NA,NA,NA,NA,NA,NA,NA,911 call,Destructive Self/Others,Active Unarmed,n/a,No,Yes
286,UF2023-014,Use of force,Employee,Citizen,5084,NA,NA,NA,NA,NA,NA,NA,NA,NA,NA,911 call,Destructive Self/Others,Self-Destructive,n/a,No,Yes
287,UF2023-014,Use of force,Employee,Officer/Reporter,19056,NA,NA,NA,NA,NA,NA,NA,NA,NA,NA,911 call,Destructive Self/Others,Compliance Hold,Yes,No,No
288,UF2023-014,Use of force,Employee,Officer/Reporter,19057,NA,NA,NA,NA,NA,NA,NA,NA,NA,NA,911 call,Destructive Self/Others,Arm Bar Takedown,Yes,No,No
289,UF2023-014,Use of force,Employee,Officer/Reporter,19058,NA,NA,NA,NA,NA,NA,NA,NA,NA,NA,911 call,Destructive Self/Others,Compliance Hold,Yes,No,No
290,UF2023-014,Use of force,Employee,Officer/Reporter,19059,NA,NA,NA,NA,NA,NA,NA,NA,NA,NA,911 call,Destructive Self/Others,NA,NA,No,No
291,UF2023-014,Use of force,Employee,Officer/Reporter,19060,NA,NA,NA,NA,NA,NA,NA,NA,NA,NA,911 call,Destructive Self/Others,Compliance Hold,Yes,No,No
292,UF2023-014,Use of force,Employee,Officer/Reporter,19061,NA,NA,NA,NA,NA,NA,NA,NA,NA,NA,911 call,Destructive Self/Others,Compliance Hold,Yes,No,No
293,UF2023-014,Use of force,Employee,NA,NA,NA,NA,NA,NA,NA,NA,NA,45000,45000,Completed,NA,NA,NA,NA,NA,NA
294,UF2023-014,Use of force,NA,Citizen,5084,NA,NA,Complainant,21,NA,Male,White,NA,NA,NA,NA,NA,NA,NA,NA,NA
295,UF2023-014,Use of force,NA,Officer,19056,NA,NA,Officer,36,14,Male,White,NA,NA,NA,NA,NA,NA,NA,NA,NA
296,UF2023-014,Use of force,NA,Officer,19057,NA,NA,Officer,45,7,Male,Asian,NA,NA,NA,NA,NA,NA,NA,NA,NA
297,UF2023-014,Use of force,NA,Officer,19058,NA,NA,Officer,43,9,Male,White,NA,NA,NA,NA,NA,NA,NA,NA,NA
298,UF2023-014,Use of force,NA,Officer,19059,NA,NA,Officer,38,8,Male,Black,NA,NA,NA,NA,NA,NA,NA,NA,NA
299,UF2023-014,Use of force,NA,Officer,19060,NA,NA,Officer,44,7,Female,White,NA,NA,NA,NA,NA,NA,NA,NA,NA
300,UF2023-014,Use of force,NA,Officer,19061,NA,NA,Officer,53,9,Male,White,NA,NA,NA,NA,NA,NA,NA,NA,NA
301,UF2023-015,Use of force,Employee,Citizen,5110,NA,NA,NA,NA,NA,NA,NA,NA,NA,NA,Arrest,Passive Non Compliant,Passive Non Compliant,n/a,No,Yes
302,UF2023-015,Use of force,Employee,Citizen,5111,NA,NA,NA,NA,NA,NA,NA,NA,NA,NA,Arrest,Passive Non Compliant,NA,n/a,No,Yes
303,UF2023-015,Use of force,Employee,Officer/Reporter,19126,NA,NA,NA,NA,NA,NA,NA,NA,NA,NA,Arrest,Passive Non Compliant,Arm Bar Takedown,Yes,No,No
304,UF2023-015,Use of force,Employee,Officer/Witness,19127,NA,NA,NA,NA,NA,NA,NA,NA,NA,NA,Arrest,Passive Non Compliant,NA,NA,No,No
305,UF2023-015,Use of force,Employee,NA,NA,NA,NA,NA,NA,NA,NA,NA,45024,45024,Completed,NA,NA,NA,NA,NA,NA
306,UF2023-015,Use of force,NA,Citizen,5110,NA,NA,Complainant,30,NA,Female,White,NA,NA,NA,NA,NA,NA,NA,NA,NA
307,UF2023-015,Use of force,NA,Citizen,5111,NA,NA,Witness,57,NA,Male,NA,NA,NA,NA,NA,NA,NA,NA,NA,NA
308,UF2023-015,Use of force,NA,Officer,19126,NA,NA,Officer,36,5,Male,White,NA,NA,NA,NA,NA,NA,NA,NA,NA
309,UF2023-015,Use of force,NA,Officer,19127,NA,NA,Witness,25,4,male,white,NA,NA,NA,NA,NA,NA,NA,NA,NA
310,UF2023-016,Use of force,Employee,Citizen,5087,NA,NA,NA,NA,NA,NA,NA,NA,NA,NA,Arrest,Active Fleeing,NA,n/a,No,Yes
311,UF2023-016,Use of force,Employee,Officer/Reporter,19068,NA,NA,NA,NA,NA,NA,NA,NA,NA,NA,Arrest,Active Fleeing,NA,NA,No,No
312,UF2023-016,Use of force,Employee,NA,NA,NA,NA,NA,NA,NA,NA,NA,44994,44994,Completed,NA,NA,NA,NA,NA,NA
313,UF2023-016,Use of force,NA,Citizen,5087,NA,NA,Complainant,33,NA,Male,Black,NA,NA,NA,NA,NA,NA,NA,NA,NA
314,UF2023-016,Use of force,NA,Officer,19068,NA,NA,Officer,41,13,Male,White,NA,NA,NA,NA,NA,NA,NA,NA,NA
315,UF2023-017,Use of force,Employee,Officer/Reporter,19191,NA,NA,NA,NA,NA,NA,NA,NA,NA,NA,Assisting Other Agency,Active Resister Unarmed,NA,NA,No,No
316,UF2023-017,Use of force,Employee,Officer/Reporter,19192,NA,NA,NA,NA,NA,NA,NA,NA,NA,NA,Assisting Other Agency,Active Resister Unarmed,NA,NA,No,No
317,UF2023-017,Use of force,Employee,Officer/Reporter,19245,NA,NA,NA,NA,NA,NA,NA,NA,NA,NA,Assisting Other Agency,Active Resister Unarmed,NA,NA,No,No
318,UF2023-017,Use of force,Employee,NA,NA,NA,NA,NA,NA,NA,NA,NA,45003,45003,Completed,NA,NA,NA,NA,NA,NA
319,UF2023-017,Use of force,NA,Officer,19191,NA,NA,Officer,30,1,male,white,NA,NA,NA,NA,NA,NA,NA,NA,NA
320,UF2023-017,Use of force,NA,Officer,19192,NA,NA,Officer,41,12,Male,White,NA,NA,NA,NA,NA,NA,NA,NA,NA
321,UF2023-017,Use of force,NA,Officer,19245,NA,NA,Officer,25,4,male,white,NA,NA,NA,NA,NA,NA,NA,NA,NA
322,UF2023-018,Use of force,Employee,Citizen,5132,NA,NA,NA,NA,NA,NA,NA,NA,NA,NA,Disturbance,Active Resister Armed,NA,n/a,No,Yes
323,UF2023-018,Use of force,Employee,Officer/Reporter,19226,NA,NA,NA,NA,NA,NA,NA,NA,NA,NA,Disturbance,Active Resister Armed,Taser Use,Yes,No,No
324,UF2023-018,Use of force,Employee,Officer/Reporter,19227,NA,NA,NA,NA,NA,NA,NA,NA,NA,NA,Disturbance,Active Resister Armed,NA,NA,No,No
325,UF2023-018,Use of force,Employee,Officer/Witness,19228,NA,NA,NA,NA,NA,NA,NA,NA,NA,NA,Disturbance,Active Resister Armed,NA,NA,No,No
326,UF2023-018,Use of force,Employee,NA,NA,NA,NA,NA,NA,NA,NA,NA,45040,45040,Completed,NA,NA,NA,NA,NA,NA
327,UF2023-018,Use of force,NA,Citizen,5132,NA,NA,Complainant,38,NA,Male,Black,NA,NA,NA,NA,NA,NA,NA,NA,NA
328,UF2023-018,Use of force,NA,Officer,19226,NA,NA,Officer,32,8,Male,Asian,NA,NA,NA,NA,NA,NA,NA,NA,NA
329,UF2023-018,Use of force,NA,Officer,19227,NA,NA,Officer,37,2,Male,Asian,NA,NA,NA,NA,NA,NA,NA,NA,NA
330,UF2023-018,Use of force,NA,Officer,19228,NA,NA,Witness,37,4,male,white,NA,NA,NA,NA,NA,NA,NA,NA,NA
331,UF2023-019,Use of force,Employee,Citizen,5114,NA,NA,NA,NA,NA,NA,NA,NA,NA,NA,Arrest,Active Resister Unarmed,NA,n/a,No,Yes
332,UF2023-019,Use of force,Employee,Officer/Reporter,19150,NA,NA,NA,NA,NA,NA,NA,NA,NA,NA,Arrest,Active Resister Unarmed,Compliance Hold,Yes,No,No
333,UF2023-019,Use of force,Employee,Officer/Reporter,19150,NA,NA,NA,NA,NA,NA,NA,NA,NA,NA,Arrest,Active Resister Unarmed,Strike w/ hand-foot-etc.,Yes,No,No
334,UF2023-019,Use of force,Employee,Officer/Witness,19151,NA,NA,NA,NA,NA,NA,NA,NA,NA,NA,Arrest,Active Resister Unarmed,NA,NA,No,No
335,UF2023-019,Use of force,Employee,NA,NA,NA,NA,NA,NA,NA,NA,NA,45028,45027,Completed,NA,NA,NA,NA,NA,NA
336,UF2023-019,Use of force,NA,Citizen,5114,NA,NA,Complainant,43,NA,Male,Black,NA,NA,NA,NA,NA,NA,NA,NA,NA
337,UF2023-019,Use of force,NA,Officer,19150,NA,NA,Officer,32,5,Male,White,NA,NA,NA,NA,NA,NA,NA,NA,NA
338,UF2023-019,Use of force,NA,Officer,19151,NA,NA,Witness,43,8,Female,White,NA,NA,NA,NA,NA,NA,NA,NA,NA
339,UF2023-020,Use of force,Employee,Citizen,5106,NA,NA,NA,NA,NA,NA,NA,NA,NA,NA,Fight Call,Destructive Self/Others,Active Fleeing,n/a,No,No
340,UF2023-020,Use of force,Employee,Citizen,5106,NA,NA,NA,NA,NA,NA,NA,NA,NA,NA,Fight Call,Destructive Self/Others,Passive Non Compliant,n/a,No,No
341,UF2023-020,Use of force,Employee,Officer/Reporter,19117,NA,NA,NA,NA,NA,NA,NA,NA,NA,NA,Fight Call,Destructive Self/Others,OC Use,Yes,No,No
342,UF2023-020,Use of force,Employee,Officer/Reporter,19118,NA,NA,NA,NA,NA,NA,NA,NA,NA,NA,Fight Call,Destructive Self/Others,NA,NA,No,No
343,UF2023-020,Use of force,Employee,NA,NA,NA,NA,NA,NA,NA,NA,NA,45017,45017,Completed,NA,NA,NA,NA,NA,NA
344,UF2023-020,Use of force,NA,Citizen,5106,NA,NA,Complainant,25,NA,Male,Black,NA,NA,NA,NA,NA,NA,NA,NA,NA
345,UF2023-020,Use of force,NA,Officer,19117,NA,NA,Officer,33,7,Male,White,NA,NA,NA,NA,NA,NA,NA,NA,NA
346,UF2023-020,Use of force,NA,Officer,19118,NA,NA,Officer,26,1,male,white,NA,NA,NA,NA,NA,NA,NA,NA,NA
347,UF2023-021,Use of force,Employee,Officer/Reporter,19339,NA,NA,NA,NA,NA,NA,NA,NA,NA,NA,Suspicious Person,Active Resister Armed,Firearm Discharge,Yes,No,No
348,UF2023-021,Use of force,Employee,NA,NA,NA,NA,NA,NA,NA,NA,NA,45070,45068,Completed,NA,NA,NA,NA,NA,NA
349,UF2023-021,Use of force,NA,Officer,19339,NA,NA,Officer,39,5,Male,White,NA,NA,NA,NA,NA,NA,NA,NA,NA
350,UF2023-022,Use of force,Employee,Citizen,5140,NA,NA,NA,NA,NA,NA,NA,NA,NA,NA,911 call,Destructive Self/Others,NA,n/a,No,Yes
351,UF2023-022,Use of force,Employee,Officer/Reporter,19322,NA,NA,NA,NA,NA,NA,NA,NA,NA,NA,911 call,Destructive Self/Others,NA,NA,No,No
352,UF2023-022,Use of force,Employee,Officer/Reporter,19323,NA,NA,NA,NA,NA,NA,NA,NA,NA,NA,911 call,Destructive Self/Others,NA,NA,No,No
353,UF2023-022,Use of force,Employee,NA,NA,NA,NA,NA,NA,NA,NA,NA,45059,45059,Completed,NA,NA,NA,NA,NA,NA
354,UF2023-022,Use of force,NA,Citizen,5140,NA,NA,Complainant,42,NA,Male,White,NA,NA,NA,NA,NA,NA,NA,NA,NA
355,UF2023-022,Use of force,NA,Officer,19322,NA,NA,Officer,25,4,male,white,NA,NA,NA,NA,NA,NA,NA,NA,NA
356,UF2023-022,Use of force,NA,Officer,19323,NA,NA,Officer,43,8,Female,White,NA,NA,NA,NA,NA,NA,NA,NA,NA
357,UF2023-023,Use of force,Employee,Citizen,5150,NA,NA,NA,NA,NA,NA,NA,NA,NA,NA,911 call,Active Resister Unarmed,NA,n/a,No,No
358,UF2023-023,Use of force,Employee,Citizen,5151,NA,NA,NA,NA,NA,NA,NA,NA,NA,NA,911 call,Active Resister Unarmed,NA,n/a,No,No
359,UF2023-023,Use of force,Employee,Officer/Reporter,19366,NA,NA,NA,NA,NA,NA,NA,NA,NA,NA,911 call,Active Resister Unarmed,Other,No,Yes,No
360,UF2023-023,Use of force,Employee,NA,NA,NA,NA,NA,NA,NA,NA,NA,45078,45078,Completed,NA,NA,NA,NA,NA,NA
361,UF2023-024,Use of force,Employee,Citizen,5142,NA,NA,NA,NA,NA,NA,NA,NA,NA,NA,Arrest,No Force (Complaint of Inj),NA,n/a,No,Yes
362,UF2023-024,Use of force,Employee,Officer/Reporter,19393,NA,NA,NA,NA,NA,NA,NA,NA,NA,NA,Arrest,No Force (Complaint of Inj),NA,NA,No,No
363,UF2023-024,Use of force,Employee,NA,NA,NA,NA,NA,NA,NA,NA,NA,45062,45062,Completed,NA,NA,NA,NA,NA,NA
364,UF2023-024,Use of force,NA,Citizen,5142,NA,NA,Complainant,63,NA,Female,NA,NA,NA,NA,NA,NA,NA,NA,NA,NA
365,UF2023-024,Use of force,NA,Officer,19393,NA,NA,Officer,32,8,Male,Asian,NA,NA,NA,NA,NA,NA,NA,NA,NA
366,UF2023-025,Use of force,Employee,Citizen,5149,NA,NA,NA,NA,NA,NA,NA,NA,NA,NA,Disturbance,Active Fleeing,NA,n/a,No,Yes
367,UF2023-025,Use of force,Employee,Officer/Reporter,19356,NA,NA,NA,NA,NA,NA,NA,NA,NA,NA,Disturbance,Active Fleeing,NA,NA,No,No
368,UF2023-025,Use of force,Employee,Officer/Reporter,19357,NA,NA,NA,NA,NA,NA,NA,NA,NA,NA,Disturbance,Active Fleeing,NA,NA,No,No
369,UF2023-025,Use of force,Employee,NA,NA,NA,NA,NA,NA,NA,NA,NA,45077,45077,Completed,NA,NA,NA,NA,NA,NA
370,UF2023-025,Use of force,NA,Citizen,5149,NA,NA,Complainant,40,NA,Male,White,NA,NA,NA,NA,NA,NA,NA,NA,NA
371,UF2023-025,Use of force,NA,Officer,19356,NA,NA,Officer,35,8,Male,White,NA,NA,NA,NA,NA,NA,NA,NA,NA
372,UF2023-025,Use of force,NA,Officer,19357,NA,NA,Officer,42,12,Male,White,NA,NA,NA,NA,NA,NA,NA,NA,NA
373,UF2023-026,Use of force,Employee,Citizen,5158,NA,NA,NA,NA,NA,NA,NA,NA,NA,NA,Arrest,Active Resister Unarmed,NA,n/a,No,Yes
374,UF2023-026,Use of force,Employee,Officer/Reporter,19410,NA,NA,NA,NA,NA,NA,NA,NA,NA,NA,Arrest,Active Resister Unarmed,NA,NA,No,No
375,UF2023-026,Use of force,Employee,NA,NA,NA,NA,NA,NA,NA,NA,NA,45091,45092,Completed,NA,NA,NA,NA,NA,NA
376,UF2023-027,Use of force,Employee,Citizen,5141,NA,NA,NA,NA,NA,NA,NA,NA,NA,NA,911 call,Active Resister Unarmed,NA,n/a,No,Yes
377,UF2023-027,Use of force,Employee,Officer/Reporter,19324,NA,NA,NA,NA,NA,NA,NA,NA,NA,NA,911 call,Active Resister Unarmed,Arm Bar Takedown,Yes,No,No
378,UF2023-027,Use of force,Employee,Officer/Reporter,19325,NA,NA,NA,NA,NA,NA,NA,NA,NA,NA,911 call,Active Resister Unarmed,NA,NA,No,No
379,UF2023-027,Use of force,Employee,Officer/Reporter,19326,NA,NA,NA,NA,NA,NA,NA,NA,NA,NA,911 call,Active Resister Unarmed,NA,NA,No,No
380,UF2023-027,Use of force,Employee,NA,NA,NA,NA,NA,NA,NA,NA,NA,45059,45059,Completed,NA,NA,NA,NA,NA,NA
381,UF2023-027,Use of force,NA,Citizen,5141,NA,NA,Complainant,60,NA,Male,White,NA,NA,NA,NA,NA,NA,NA,NA,NA
382,UF2023-027,Use of force,NA,Officer,19324,NA,NA,Officer,41,12,Male,White,NA,NA,NA,NA,NA,NA,NA,NA,NA
383,UF2023-027,Use of force,NA,Officer,19325,NA,NA,Officer,NA,NA,NA,NA,NA,NA,NA,NA,NA,NA,NA,NA,NA
384,UF2023-027,Use of force,NA,Officer,19326,NA,NA,Officer,37,5,M,Filipino,NA,NA,NA,NA,NA,NA,NA,NA,NA
385,UF2023-028,Use of force,Employee,Citizen,5166,NA,NA,NA,NA,NA,NA,NA,NA,NA,NA,Disturbance,Destructive Self/Others,Active Unarmed,n/a,No,Yes
386,UF2023-028,Use of force,Employee,Citizen,5167,NA,NA,NA,NA,NA,NA,NA,NA,NA,NA,Disturbance,Destructive Self/Others,NA,n/a,No,Yes
387,UF2023-028,Use of force,Employee,Citizen,5168,NA,NA,NA,NA,NA,NA,NA,NA,NA,NA,Disturbance,Destructive Self/Others,NA,n/a,No,Yes
388,UF2023-028,Use of force,Employee,Citizen,5169,NA,NA,NA,NA,NA,NA,NA,NA,NA,NA,Disturbance,Destructive Self/Others,NA,n/a,No,Yes
389,UF2023-028,Use of force,Employee,Officer/Reporter,19433,NA,NA,NA,NA,NA,NA,NA,NA,NA,NA,Disturbance,Destructive Self/Others,Taser Use,Yes,No,No
390,UF2023-028,Use of force,Employee,NA,NA,NA,NA,NA,NA,NA,NA,NA,45094,45094,Completed,NA,NA,NA,NA,NA,NA
391,UF2023-028,Use of force,NA,Citizen,5166,NA,NA,Complainant,NA,NA,Male,Mixed,NA,NA,NA,NA,NA,NA,NA,NA,NA
392,UF2023-028,Use of force,NA,Citizen,5167,NA,NA,Witness,NA,NA,Female,Native Am,NA,NA,NA,NA,NA,NA,NA,NA,NA
393,UF2023-028,Use of force,NA,Citizen,5168,NA,NA,Witness,NA,NA,Male,White,NA,NA,NA,NA,NA,NA,NA,NA,NA
394,UF2023-028,Use of force,NA,Citizen,5169,NA,NA,Witness,NA,NA,Male,Mixed,NA,NA,NA,NA,NA,NA,NA,NA,NA
395,UF2023-028,Use of force,NA,Officer,19433,NA,NA,Officer,42,10,Male,Hispanic,NA,NA,NA,NA,NA,NA,NA,NA,NA
396,UF2023-029,Use of force,Employee,Citizen,5161,NA,NA,NA,NA,NA,NA,NA,NA,NA,NA,Arrest,Passive Non Compliant,NA,n/a,No,No
397,UF2023-029,Use of force,Employee,Officer/Reporter,19418,NA,NA,NA,NA,NA,NA,NA,NA,NA,NA,Arrest,Passive Non Compliant,NA,NA,No,No
398,UF2023-029,Use of force,Employee,Officer/Reporter,19419,NA,NA,NA,NA,NA,NA,NA,NA,NA,NA,Arrest,Passive Non Compliant,NA,NA,No,No
399,UF2023-029,Use of force,Employee,Officer/Reporter,19420,NA,NA,NA,NA,NA,NA,NA,NA,NA,NA,Arrest,Passive Non Compliant,NA,NA,No,No
400,UF2023-029,Use of force,Employee,NA,NA,NA,NA,NA,NA,NA,NA,NA,45092,45092,Completed,NA,NA,NA,NA,NA,NA
401,UF2023-029,Use of force,NA,Citizen,5161,NA,NA,Complainant,31,NA,Female,White,NA,NA,NA,NA,NA,NA,NA,NA,NA
402,UF2023-029,Use of force,NA,Officer,19418,NA,NA,Officer,26,1,male,white,NA,NA,NA,NA,NA,NA,NA,NA,NA
403,UF2023-029,Use of force,NA,Officer,19419,NA,NA,Officer,38,6,Male,White,NA,NA,NA,NA,NA,NA,NA,NA,NA
404,UF2023-029,Use of force,NA,Officer,19420,NA,NA,Officer,44,7,Female,White,NA,NA,NA,NA,NA,NA,NA,NA,NA
405,UF2023-030,Use of force,Employee,Officer/Reporter,19307,NA,NA,NA,NA,NA,NA,NA,NA,NA,NA,Protective Custody,Passive Non Compliant,Taser Use,Yes,No,No
406,UF2023-030,Use of force,Employee,NA,NA,NA,NA,NA,NA,NA,NA,NA,45055,45055,Completed,NA,NA,NA,NA,NA,NA
407,UF2023-030,Use of force,NA,Officer,19307,NA,NA,Officer,44,7,Female,White,NA,NA,NA,NA,NA,NA,NA,NA,NA
408,UF2023-031,Use of force,Employee,Citizen,5152,NA,NA,NA,NA,NA,NA,NA,NA,NA,NA,Foot Pursuit,Active Fleeing,Active Fleeing,n/a,No,Yes
409,UF2023-031,Use of force,Employee,Officer/Reporter,19367,NA,NA,NA,NA,NA,NA,NA,NA,NA,NA,Foot Pursuit,Active Fleeing,NA,NA,No,No
410,UF2023-031,Use of force,Employee,Officer/Witness,19368,NA,NA,NA,NA,NA,NA,NA,NA,NA,NA,Foot Pursuit,Active Fleeing,NA,NA,No,No
411,UF2023-031,Use of force,Employee,NA,NA,NA,NA,NA,NA,NA,NA,NA,45019,45019,Completed,NA,NA,NA,NA,NA,NA
412,UF2023-031,Use of force,NA,Citizen,5152,NA,NA,Complainant,33,NA,Male,Hispanic,NA,NA,NA,NA,NA,NA,NA,NA,NA
413,UF2023-031,Use of force,NA,Officer,19367,NA,NA,Officer,36,14,Male,White,NA,NA,NA,NA,NA,NA,NA,NA,NA
414,UF2023-031,Use of force,NA,Officer,19368,NA,NA,Witness,37,5,M,Filipino,NA,NA,NA,NA,NA,NA,NA,NA,NA
415,UF2023-032,Use of force,Employee,Citizen,5176,NA,NA,NA,NA,NA,NA,NA,NA,NA,NA,Disturbance,Active Resister Unarmed,Active Unarmed,n/a,No,No
416,UF2023-032,Use of force,Employee,Officer/Reporter,19501,NA,NA,NA,NA,NA,NA,NA,NA,NA,NA,Disturbance,Active Resister Unarmed,Restraint Device,Yes,No,No
417,UF2023-032,Use of force,Employee,Officer/Reporter,19502,NA,NA,NA,NA,NA,NA,NA,NA,NA,NA,Disturbance,Active Resister Unarmed,NA,NA,No,No
418,UF2023-032,Use of force,Employee,NA,NA,NA,NA,NA,NA,NA,NA,NA,45108,45108,Completed,NA,NA,NA,NA,NA,NA
419,UF2023-032,Use of force,NA,Citizen,5176,NA,NA,Complainant,23,NA,Female,Black,NA,NA,NA,NA,NA,NA,NA,NA,NA
420,UF2023-032,Use of force,NA,Officer,19501,NA,NA,Officer,41,13,Male,White,NA,NA,NA,NA,NA,NA,NA,NA,NA
421,UF2023-032,Use of force,NA,Officer,19502,NA,NA,Officer,36,5,Male,White,NA,NA,NA,NA,NA,NA,NA,NA,NA
422,UF2023-033,Use of force,Employee,Citizen,5173,NA,NA,NA,NA,NA,NA,NA,NA,NA,NA,Disturbance,Active Fleeing,NA,n/a,No,Yes
423,UF2023-033,Use of force,Employee,Officer/Reporter,19476,NA,NA,NA,NA,NA,NA,NA,NA,NA,NA,Disturbance,Active Fleeing,NA,NA,No,No
424,UF2023-033,Use of force,Employee,Officer/Reporter,19477,NA,NA,NA,NA,NA,NA,NA,NA,NA,NA,Disturbance,Active Fleeing,NA,NA,No,No
425,UF2023-033,Use of force,Employee,NA,NA,NA,NA,NA,NA,NA,NA,NA,45103,45102,Completed,NA,NA,NA,NA,NA,NA
426,UF2023-033,Use of force,NA,Citizen,5173,NA,NA,Complainant,42,NA,Male,White,NA,NA,NA,NA,NA,NA,NA,NA,NA
427,UF2023-033,Use of force,NA,Officer,19476,NA,NA,Officer,41,13,Male,White,NA,NA,NA,NA,NA,NA,NA,NA,NA
428,UF2023-033,Use of force,NA,Officer,19477,NA,NA,Officer,33,4,male,white,NA,NA,NA,NA,NA,NA,NA,NA,NA
429,UF2023-034,Use of force,Employee,Citizen,5177,NA,NA,NA,NA,NA,NA,NA,NA,NA,NA,Contact a Subject,Active Resister Unarmed,NA,n/a,No,No
430,UF2023-034,Use of force,Employee,Citizen,5178,NA,NA,NA,NA,NA,NA,NA,NA,NA,NA,Contact a Subject,Active Resister Unarmed,NA,n/a,No,No
431,UF2023-034,Use of force,Employee,Officer/Reporter,19512,NA,NA,NA,NA,NA,NA,NA,NA,NA,NA,Contact a Subject,Active Resister Unarmed,NA,NA,No,No
432,UF2023-034,Use of force,Employee,Officer/Reporter,19513,NA,NA,NA,NA,NA,NA,NA,NA,NA,NA,Contact a Subject,Active Resister Unarmed,NA,NA,No,No
433,UF2023-034,Use of force,Employee,Officer/Reporter,19514,NA,NA,NA,NA,NA,NA,NA,NA,NA,NA,Contact a Subject,Active Resister Unarmed,NA,NA,No,No
434,UF2023-034,Use of force,Employee,Officer/Reporter,19515,NA,NA,NA,NA,NA,NA,NA,NA,NA,NA,Contact a Subject,Active Resister Unarmed,NA,NA,No,No
435,UF2023-034,Use of force,Employee,Officer/Reporter,19516,NA,NA,NA,NA,NA,NA,NA,NA,NA,NA,Contact a Subject,Active Resister Unarmed,NA,NA,No,No
436,UF2023-034,Use of force,Employee,NA,NA,NA,NA,NA,NA,NA,NA,NA,45113,45112,Completed,NA,NA,NA,NA,NA,NA
437,UF2023-034,Use of force,NA,Citizen,5177,NA,NA,Complainant,50,NA,Female,Black,NA,NA,NA,NA,NA,NA,NA,NA,NA
438,UF2023-034,Use of force,NA,Citizen,5178,NA,NA,Complainant,43,NA,Male,White,NA,NA,NA,NA,NA,NA,NA,NA,NA
439,UF2023-034,Use of force,NA,Officer,19512,NA,NA,Officer,27,1,Male,White,NA,NA,NA,NA,NA,NA,NA,NA,NA
440,UF2023-034,Use of force,NA,Officer,19513,NA,NA,Officer,53,9,Male,White,NA,NA,NA,NA,NA,NA,NA,NA,NA
441,UF2023-034,Use of force,NA,Officer,19514,NA,NA,Officer,33,7,Male,White,NA,NA,NA,NA,NA,NA,NA,NA,NA
442,UF2023-034,Use of force,NA,Officer,19515,NA,NA,Officer,42,12,Male,White,NA,NA,NA,NA,NA,NA,NA,NA,NA
443,UF2023-034,Use of force,NA,Officer,19516,NA,NA,Officer,42,18,Male,White,NA,NA,NA,NA,NA,NA,NA,NA,NA
444,UF2023-035,Use of force,Employee,Citizen,5171,NA,NA,NA,NA,NA,NA,NA,NA,NA,NA,Arrest,Active Fleeing,NA,n/a,No,No
445,UF2023-035,Use of force,Employee,Officer/Reporter,19458,NA,NA,NA,NA,NA,NA,NA,NA,NA,NA,Arrest,Active Fleeing,Taser Use,Limited,No,No
446,UF2023-035,Use of force,Employee,NA,NA,NA,NA,NA,NA,NA,NA,NA,45099,45098,Completed,NA,NA,NA,NA,NA,NA
447,UF2023-035,Use of force,NA,Citizen,5171,NA,NA,Complainant,28,NA,Male,Black,NA,NA,NA,NA,NA,NA,NA,NA,NA
448,UF2023-035,Use of force,NA,Officer,19458,NA,NA,Officer,38,12,Male,White,NA,NA,NA,NA,NA,NA,NA,NA,NA
449,UF2023-036,Use of force,Employee,Citizen,5162,NA,NA,NA,NA,NA,NA,NA,NA,NA,NA,911 call,Active Resister Unarmed,NA,n/a,No,Yes
450,UF2023-036,Use of force,Employee,Citizen,5163,NA,NA,NA,NA,NA,NA,NA,NA,NA,NA,911 call,Active Resister Unarmed,NA,n/a,No,Yes
451,UF2023-036,Use of force,Employee,Citizen,5164,NA,NA,NA,NA,NA,NA,NA,NA,NA,NA,911 call,Active Resister Unarmed,NA,n/a,No,Yes
452,UF2023-036,Use of force,Employee,Officer/Reporter,19425,NA,NA,NA,NA,NA,NA,NA,NA,NA,NA,911 call,Active Resister Unarmed,NA,NA,No,No
453,UF2023-036,Use of force,Employee,Officer/Reporter,19426,NA,NA,NA,NA,NA,NA,NA,NA,NA,NA,911 call,Active Resister Unarmed,NA,NA,No,No
454,UF2023-036,Use of force,Employee,Officer/Witness,19427,NA,NA,NA,NA,NA,NA,NA,NA,NA,NA,911 call,Active Resister Unarmed,NA,NA,No,No
455,UF2023-036,Use of force,Employee,Officer/Witness,19428,NA,NA,NA,NA,NA,NA,NA,NA,NA,NA,911 call,Active Resister Unarmed,NA,NA,No,No
456,UF2023-036,Use of force,Employee,Officer/Witness,19429,NA,NA,NA,NA,NA,NA,NA,NA,NA,NA,911 call,Active Resister Unarmed,NA,NA,No,No
457,UF2023-036,Use of force,Employee,Officer/Witness,19430,NA,NA,NA,NA,NA,NA,NA,NA,NA,NA,911 call,Active Resister Unarmed,NA,NA,No,No
458,UF2023-036,Use of force,Employee,Officer/Witness,19431,NA,NA,NA,NA,NA,NA,NA,NA,NA,NA,911 call,Active Resister Unarmed,NA,NA,No,No
459,UF2023-036,Use of force,Employee,NA,NA,NA,NA,NA,NA,NA,NA,NA,45093,45093,Completed,NA,NA,NA,NA,NA,NA
460,UF2023-036,Use of force,NA,Citizen,5162,NA,NA,Complainant,21,NA,Male,White,NA,NA,NA,NA,NA,NA,NA,NA,NA
461,UF2023-036,Use of force,NA,Citizen,5163,NA,NA,Witness,44,NA,Female,White,NA,NA,NA,NA,NA,NA,NA,NA,NA
462,UF2023-036,Use of force,NA,Citizen,5164,NA,NA,Witness,59,NA,Male,Black,NA,NA,NA,NA,NA,NA,NA,NA,NA
463,UF2023-036,Use of force,NA,Officer,19425,NA,NA,Officer,59,17,Male,White,NA,NA,NA,NA,NA,NA,NA,NA,NA
464,UF2023-036,Use of force,NA,Officer,19426,NA,NA,Officer,35,5,Male,White,NA,NA,NA,NA,NA,NA,NA,NA,NA
465,UF2023-036,Use of force,NA,Officer,19427,NA,NA,Witness,34,1,male,white,NA,NA,NA,NA,NA,NA,NA,NA,NA
466,UF2023-036,Use of force,NA,Officer,19428,NA,NA,Witness,33,7,Male,White,NA,NA,NA,NA,NA,NA,NA,NA,NA
467,UF2023-036,Use of force,NA,Officer,19429,NA,NA,Witness,46,20,Male,White,NA,NA,NA,NA,NA,NA,NA,NA,NA
468,UF2023-036,Use of force,NA,Officer,19430,NA,NA,Witness,25,1,Male,white,NA,NA,NA,NA,NA,NA,NA,NA,NA
469,UF2023-036,Use of force,NA,Officer,19431,NA,NA,Witness,24,1,female,black,NA,NA,NA,NA,NA,NA,NA,NA,NA
470,UF2023-037,Use of force,Employee,Citizen,5179,NA,NA,NA,NA,NA,NA,NA,NA,NA,NA,Arrest,Active Fleeing,NA,n/a,No,Yes
471,UF2023-037,Use of force,Employee,Officer/Reporter,19520,NA,NA,NA,NA,NA,NA,NA,NA,NA,NA,Arrest,Active Fleeing,Compliance Hold,Yes,No,No
472,UF2023-037,Use of force,Employee,Officer/Reporter,19521,NA,NA,NA,NA,NA,NA,NA,NA,NA,NA,Arrest,Active Fleeing,Compliance Hold,Yes,No,No
473,UF2023-037,Use of force,Employee,Officer/Reporter,19522,NA,NA,NA,NA,NA,NA,NA,NA,NA,NA,Arrest,Active Fleeing,Strike w/ hand-foot-etc.,Yes,No,No
474,UF2023-037,Use of force,Employee,NA,NA,NA,NA,NA,NA,NA,NA,NA,45115,45115,Completed,NA,NA,NA,NA,NA,NA
475,UF2023-037,Use of force,NA,Citizen,5179,NA,NA,Complainant,17,NA,Male,White,NA,NA,NA,NA,NA,NA,NA,NA,NA
476,UF2023-037,Use of force,NA,Officer,19520,NA,NA,Officer,33,4,male,white,NA,NA,NA,NA,NA,NA,NA,NA,NA
477,UF2023-037,Use of force,NA,Officer,19521,NA,NA,Officer,36,1,Male,White,NA,NA,NA,NA,NA,NA,NA,NA,NA
478,UF2023-037,Use of force,NA,Officer,19522,NA,NA,Officer,33,7,Male,White,NA,NA,NA,NA,NA,NA,NA,NA,NA
479,UF2023-038,Use of force,Employee,Citizen,5185,NA,NA,NA,NA,NA,NA,NA,NA,NA,NA,Disturbance,Active Resister Unarmed,Active Unarmed,n/a,No,Yes
480,UF2023-038,Use of force,Employee,Officer/Reporter,19556,NA,NA,NA,NA,NA,NA,NA,NA,NA,NA,Disturbance,Active Resister Unarmed,Other,Yes,No,No
481,UF2023-038,Use of force,Employee,Officer/Witness,19557,NA,NA,NA,NA,NA,NA,NA,NA,NA,NA,Disturbance,Active Resister Unarmed,NA,NA,No,No
482,UF2023-038,Use of force,Employee,NA,NA,NA,NA,NA,NA,NA,NA,NA,45118,45118,Completed,NA,NA,NA,NA,NA,NA
483,UF2023-038,Use of force,NA,Citizen,5185,NA,NA,Complainant,40,NA,Male,White,NA,NA,NA,NA,NA,NA,NA,NA,NA
484,UF2023-038,Use of force,NA,Officer,19556,NA,NA,Officer,32,8,Male,Asian,NA,NA,NA,NA,NA,NA,NA,NA,NA
485,UF2023-038,Use of force,NA,Officer,19557,NA,NA,Witness,42,14,Female,White,NA,NA,NA,NA,NA,NA,NA,NA,NA
486,UF2023-039,Use of force,Employee,Citizen,5195,NA,NA,NA,NA,NA,NA,NA,NA,NA,NA,Traffic Stop,Active Fleeing,NA,n/a,No,Yes
487,UF2023-039,Use of force,Employee,Officer/Reporter,19585,NA,NA,NA,NA,NA,NA,NA,NA,NA,NA,Traffic Stop,Active Fleeing,NA,NA,No,No
488,UF2023-039,Use of force,Employee,NA,NA,NA,NA,NA,NA,NA,NA,NA,45138,45138,Completed,NA,NA,NA,NA,NA,NA
489,UF2023-040,Use of force,Employee,Citizen,5199,NA,NA,NA,NA,NA,NA,NA,NA,NA,NA,911 call,Passive Non Compliant,NA,n/a,No,Yes
490,UF2023-040,Use of force,Employee,Officer/Reporter,19632,NA,NA,NA,NA,NA,NA,NA,NA,NA,NA,911 call,Passive Non Compliant,NA,NA,No,No
491,UF2023-040,Use of force,Employee,NA,NA,NA,NA,NA,NA,NA,NA,NA,45148,45148,Completed,NA,NA,NA,NA,NA,NA
492,UF2023-040,Use of force,NA,Citizen,5199,NA,NA,Complainant,NA,NA,Female,White,NA,NA,NA,NA,NA,NA,NA,NA,NA
493,UF2023-040,Use of force,NA,Officer,19632,NA,NA,Officer,23,1,m,w,NA,NA,NA,NA,NA,NA,NA,NA,NA
494,UF2023-041,Use of force,Employee,Citizen,5205,NA,NA,NA,NA,NA,NA,NA,NA,NA,NA,Suicide Attempt,Active Resister Unarmed,Active Unarmed,n/a,No,Yes
495,UF2023-041,Use of force,Employee,Officer/Reporter,19660,NA,NA,NA,NA,NA,NA,NA,NA,NA,NA,Suicide Attempt,Active Resister Unarmed,Taser Use,Yes,No,No
496,UF2023-041,Use of force,Employee,Officer/Witness,19661,NA,NA,NA,NA,NA,NA,NA,NA,NA,NA,Suicide Attempt,Active Resister Unarmed,NA,NA,No,No
497,UF2023-041,Use of force,Employee,NA,NA,NA,NA,NA,NA,NA,NA,NA,45158,45156,Completed,NA,NA,NA,NA,NA,NA
498,UF2023-041,Use of force,NA,Citizen,5205,NA,NA,Complainant,43,NA,Male,NA,NA,NA,NA,NA,NA,NA,NA,NA,NA
499,UF2023-041,Use of force,NA,Officer,19660,NA,NA,Officer,27,2,Male,White,NA,NA,NA,NA,NA,NA,NA,NA,NA
500,UF2023-041,Use of force,NA,Officer,19661,NA,NA,Witness,37,14,Male,White,NA,NA,NA,NA,NA,NA,NA,NA,NA
501,UF2023-042,Use of force,Employee,Citizen,5210,NA,NA,NA,NA,NA,NA,NA,NA,NA,NA,Drug Investigation,Active Resister Unarmed,NA,n/a,No,Yes
502,UF2023-042,Use of force,Employee,Citizen,5211,NA,NA,NA,NA,NA,NA,NA,NA,NA,NA,Drug Investigation,Active Resister Unarmed,NA,n/a,No,Yes
503,UF2023-042,Use of force,Employee,Officer/Reporter,19686,NA,NA,NA,NA,NA,NA,NA,NA,NA,NA,Drug Investigation,Active Resister Unarmed,NA,NA,No,Yes
504,UF2023-042,Use of force,Employee,Officer/Witness,19687,NA,NA,NA,NA,NA,NA,NA,NA,NA,NA,Drug Investigation,Active Resister Unarmed,NA,NA,No,Yes
505,UF2023-042,Use of force,Employee,Officer/Witness,19688,NA,NA,NA,NA,NA,NA,NA,NA,NA,NA,Drug Investigation,Active Resister Unarmed,NA,NA,No,Yes
506,UF2023-042,Use of force,Employee,Officer/Witness,19689,NA,NA,NA,NA,NA,NA,NA,NA,NA,NA,Drug Investigation,Active Resister Unarmed,NA,NA,No,Yes
507,UF2023-042,Use of force,Employee,NA,NA,NA,NA,NA,NA,NA,NA,NA,45163,45162,Completed,NA,NA,NA,NA,NA,NA
508,UF2023-042,Use of force,NA,Citizen,5210,NA,NA,Complainant,25,NA,Male,White,NA,NA,NA,NA,NA,NA,NA,NA,NA
509,UF2023-042,Use of force,NA,Citizen,5211,NA,NA,Witness,28,NA,Male,White,NA,NA,NA,NA,NA,NA,NA,NA,NA
510,UF2023-042,Use of force,NA,Officer,19686,NA,NA,Officer,26,1,male,white,NA,NA,NA,NA,NA,NA,NA,NA,NA
511,UF2023-042,Use of force,NA,Officer,19687,NA,NA,Witness,42,12,Male,White,NA,NA,NA,NA,NA,NA,NA,NA,NA
512,UF2023-042,Use of force,NA,Officer,19688,NA,NA,Witness,46,20,Male,White,NA,NA,NA,NA,NA,NA,NA,NA,NA
513,UF2023-042,Use of force,NA,Officer,19689,NA,NA,Witness,36,14,Male,White,NA,NA,NA,NA,NA,NA,NA,NA,NA
514,UF2023-043,Use of force,Employee,Citizen,5209,NA,NA,NA,NA,NA,NA,NA,NA,NA,NA,Drug Investigation,Active Fleeing,Active Fleeing,n/a,No,Yes
515,UF2023-043,Use of force,Employee,Citizen,5209,NA,NA,NA,NA,NA,NA,NA,NA,NA,NA,Drug Investigation,Active Fleeing,Active Unarmed,n/a,No,Yes
516,UF2023-043,Use of force,Employee,Officer/Reporter,19685,NA,NA,NA,NA,NA,NA,NA,NA,NA,NA,Drug Investigation,Active Fleeing,Tackle,Yes,No,No
517,UF2023-043,Use of force,Employee,Officer/Reporter,19685,NA,NA,NA,NA,NA,NA,NA,NA,NA,NA,Drug Investigation,Active Fleeing,Taser Use,No,No,No
518,UF2023-043,Use of force,Employee,NA,NA,NA,NA,NA,NA,NA,NA,NA,45162,45162,Completed,NA,NA,NA,NA,NA,NA
519,UF2023-043,Use of force,NA,Citizen,5209,NA,NA,Complainant,23,NA,Male,White,NA,NA,NA,NA,NA,NA,NA,NA,NA
520,UF2023-043,Use of force,NA,Officer,19685,NA,NA,Officer,36,14,Male,White,NA,NA,NA,NA,NA,NA,NA,NA,NA
521,UF2023-044,Use of force,Employee,Citizen,5217,NA,NA,NA,NA,NA,NA,NA,NA,NA,NA,Arrest,Active Fleeing,NA,n/a,No,Yes
522,UF2023-044,Use of force,Employee,Officer/Reporter,19716,NA,NA,NA,NA,NA,NA,NA,NA,NA,NA,Arrest,Active Fleeing,NA,NA,No,No
523,UF2023-044,Use of force,Employee,Officer/Witness,19717,NA,NA,NA,NA,NA,NA,NA,NA,NA,NA,Arrest,Active Fleeing,NA,NA,No,No
524,UF2023-044,Use of force,Employee,NA,NA,NA,NA,NA,NA,NA,NA,NA,45174,45174,Completed,NA,NA,NA,NA,NA,NA
525,UF2023-044,Use of force,NA,Citizen,5217,NA,NA,Complainant,40,NA,Male,White,NA,NA,NA,NA,NA,NA,NA,NA,NA
526,UF2023-044,Use of force,NA,Officer,19716,NA,NA,Officer,30,7,Male,White,NA,NA,NA,NA,NA,NA,NA,NA,NA
527,UF2023-044,Use of force,NA,Officer,19717,NA,NA,Witness,35,9,Male,White,NA,NA,NA,NA,NA,NA,NA,NA,NA
528,UF2023-045,Use of force,Employee,Citizen,5181,NA,NA,NA,NA,NA,NA,NA,NA,NA,NA,Warrant Service,Active Fleeing,Active Fleeing,n/a,No,No
529,UF2023-045,Use of force,Employee,Officer/Reporter,19532,NA,NA,NA,NA,NA,NA,NA,NA,NA,NA,Warrant Service,Active Fleeing,Tackle,Yes,No,No
530,UF2023-045,Use of force,Employee,Officer/Witness,19533,NA,NA,NA,NA,NA,NA,NA,NA,NA,NA,Warrant Service,Active Fleeing,NA,NA,No,No
531,UF2023-045,Use of force,Employee,NA,NA,NA,NA,NA,NA,NA,NA,NA,45121,45117,Completed,NA,NA,NA,NA,NA,NA
532,UF2023-045,Use of force,NA,Citizen,5181,NA,NA,Complainant,34,NA,Male,White,NA,NA,NA,NA,NA,NA,NA,NA,NA
533,UF2023-045,Use of force,NA,Officer,19532,NA,NA,Officer,32,7,Male,White,NA,NA,NA,NA,NA,NA,NA,NA,NA
534,UF2023-045,Use of force,NA,Officer,19533,NA,NA,Witness,49,18,Male,White,NA,NA,NA,NA,NA,NA,NA,NA,NA
535,UF2023-046,Use of force,Employee,Citizen,5219,NA,NA,NA,NA,NA,NA,NA,NA,NA,NA,Disturbance,Active Resister Unarmed,NA,n/a,No,Yes
536,UF2023-046,Use of force,Employee,Citizen,5220,NA,NA,NA,NA,NA,NA,NA,NA,NA,NA,Disturbance,Active Resister Unarmed,NA,n/a,No,Yes
537,UF2023-046,Use of force,Employee,Citizen,5221,NA,NA,NA,NA,NA,NA,NA,NA,NA,NA,Disturbance,Active Resister Unarmed,NA,n/a,No,Yes
538,UF2023-046,Use of force,Employee,Officer/Reporter,19741,NA,NA,NA,NA,NA,NA,NA,NA,NA,NA,Disturbance,Active Resister Unarmed,Leg Sweep Takedown,Yes,No,No
539,UF2023-046,Use of force,Employee,NA,NA,NA,NA,NA,NA,NA,NA,NA,45176,45176,Completed,NA,NA,NA,NA,NA,NA
540,UF2023-046,Use of force,NA,Citizen,5219,NA,NA,Complainant,30,NA,Female,White,NA,NA,NA,NA,NA,NA,NA,NA,NA
541,UF2023-046,Use of force,NA,Citizen,5220,NA,NA,Witness,24,NA,Female,NA,NA,NA,NA,NA,NA,NA,NA,NA,NA
542,UF2023-046,Use of force,NA,Citizen,5221,NA,NA,Witness,NA,NA,Female,NA,NA,NA,NA,NA,NA,NA,NA,NA,NA
543,UF2023-046,Use of force,NA,Officer,19741,NA,NA,Officer,30,7,Male,White,NA,NA,NA,NA,NA,NA,NA,NA,NA
544,UF2023-047,Use of force,Employee,Citizen,5244,NA,NA,NA,NA,NA,NA,NA,NA,NA,NA,Arrest,Destructive Self/Others,Active Armed,n/a,No,Yes
545,UF2023-047,Use of force,Employee,Officer/Reporter,19811,NA,NA,NA,NA,NA,NA,NA,NA,NA,NA,Arrest,Destructive Self/Others,Tackle,Yes,No,No
546,UF2023-047,Use of force,Employee,Officer/Reporter,19812,NA,NA,NA,NA,NA,NA,NA,NA,NA,NA,Arrest,Destructive Self/Others,Strike w/ hand-foot-etc.,Yes,No,No
547,UF2023-047,Use of force,Employee,NA,NA,NA,NA,NA,NA,NA,NA,NA,45196,45195,Completed,NA,NA,NA,NA,NA,NA
548,UF2023-047,Use of force,NA,Citizen,5244,NA,NA,Complainant,18,NA,Male,White,NA,NA,NA,NA,NA,NA,NA,NA,NA
549,UF2023-047,Use of force,NA,Officer,19811,NA,NA,Officer,42,18,Male,White,NA,NA,NA,NA,NA,NA,NA,NA,NA
550,UF2023-047,Use of force,NA,Officer,19812,NA,NA,Officer,35,9,Male,White,NA,NA,NA,NA,NA,NA,NA,NA,NA
551,UF2023-052,Use of force,Employee,Citizen,5245,NA,NA,NA,NA,NA,NA,NA,NA,NA,NA,Disturbance,Active Resister Unarmed,Passive Non Compliant,n/a,No,No
552,UF2023-052,Use of force,Employee,Officer/Reporter,19819,NA,NA,NA,NA,NA,NA,NA,NA,NA,NA,Disturbance,Active Resister Unarmed,NA,NA,No,No
553,UF2023-052,Use of force,Employee,NA,NA,NA,NA,NA,NA,NA,NA,NA,45199,45198,Completed,NA,NA,NA,NA,NA,NA
554,UF2023-052,Use of force,NA,Citizen,5245,NA,NA,Complainant,31,NA,Male,White,NA,NA,NA,NA,NA,NA,NA,NA,NA
555,UF2023-052,Use of force,NA,Officer,19819,NA,NA,Officer,27,2,Male,White,NA,NA,NA,NA,NA,NA,NA,NA,NA