"","FILENUM","INCIDENT_TYPE","SOURCE","SUBJ_TYPE","SUBJ_INC_NUM","SERVICE_TYPE","RESISTANCE_TYPE","SUB_ACT_DESC","UOF_EFFECTIVE","SUBJ_INJ","SUBJ_INJ_HOSP","INVOLVMENT","AGE","YRS_EMPL","SEX","RACE","ALLEGATION_MADE","FINDING","RECEIVED_DT","OCCURRED_DT","INC_STATUS"
"1",NA,"Use of force",NA,"Citizen",5332,"911 call","Active Fleeing",NA,"n/a","No","No","Complainant",NA,NA,NA,NA,NA,NA,2024-01-01,2023-12-31,"Initial"
"2","UF2023-001","Use of force","Employee","Citizen",5016,"Arrest","No Force (Complaint of Inj)",NA,"n/a","No","Yes","Complainant",40,NA,"Male","Hispanic",NA,NA,2023-01-05,2023-01-05,"Completed"
"3","UF2023-001","Use of force","Employee","Officer/Reporter",18759,"Arrest","No Force (Complaint of Inj)","Administrative-No Force","No","No","No",NA,NA,NA,NA,NA,NA,NA,2023-01-05,2023-01-05,"Completed"
"4","UF2023-001","Use of force","Employee","Officer/Witness",18760,"Arrest","No Force (Complaint of Inj)",NA,NA,"No","No",NA,NA,NA,NA,NA,NA,NA,2023-01-05,2023-01-05,"Completed"
"5","UF2023-002","Use of force","Employee","Officer/Reporter",18815,"911 call","Destructive Self/Others","OC","Yes","No","No",NA,NA,NA,NA,NA,NA,NA,2023-01-16,2023-01-16,"Completed"
"6","UF2023-003","Use of force","Employee","Citizen",5020,"Arrest","Active Resister Unarmed",NA,"n/a","No","Yes","Complainant",24,NA,"Female","White",NA,NA,2023-01-11,2023-01-11,"Completed"
"7","UF2023-003","Use of force","Employee","Citizen",5021,"Arrest","Active Resister Unarmed",NA,"n/a","No","Yes","Witness",37,NA,"Female","White",NA,NA,2023-01-11,2023-01-11,"Completed"
"8","UF2023-003","Use of force","Employee","Officer/Reporter",18810,"Arrest","Active Resister Unarmed","Pain Compliance","Yes","No","No",NA,NA,NA,NA,NA,NA,NA,2023-01-11,2023-01-11,"Completed"
"9","UF2023-003","Use of force","Employee","Officer/Reporter",18811,"Arrest","Active Resister Unarmed","Pain Compliance","Yes","No","No",NA,NA,NA,NA,NA,NA,NA,2023-01-11,2023-01-11,"Completed"
"10","UF2023-003","Use of force","Employee","Officer/Reporter",18812,"Arrest","Active Resister Unarmed","Pain Compliance","Yes","No","No",NA,NA,NA,NA,NA,NA,NA,2023-01-11,2023-01-11,"Completed"
"11","UF2023-004","Use of force","Employee","Citizen",5040,"911 call","Active Resister Armed",NA,"n/a","No","Yes","Complainant",26,NA,"Male","White",NA,NA,2023-01-29,2023-01-26,"Completed"
"12","UF2023-004","Use of force","Employee","Officer/Reporter",18893,"911 call","Active Resister Armed",NA,NA,"No","No",NA,NA,NA,NA,NA,NA,NA,2023-01-29,2023-01-26,"Completed"
"13","UF2023-004","Use of force","Employee","Officer/Witness",18894,"911 call","Active Resister Armed",NA,NA,"No","No",NA,NA,NA,NA,NA,NA,NA,2023-01-29,2023-01-26,"Completed"
"14","UF2023-004","Use of force","Employee","Officer/Witness",18895,"911 call","Active Resister Armed",NA,NA,"No","No",NA,NA,NA,NA,NA,NA,NA,2023-01-29,2023-01-26,"Completed"
"15","UF2023-004","Use of force","Employee","Officer/Witness",18896,"911 call","Active Resister Armed",NA,NA,"No","No",NA,NA,NA,NA,NA,NA,NA,2023-01-29,2023-01-26,"Completed"
"16","UF2023-004","Use of force","Employee","Officer/Witness",18897,"911 call","Active Resister Armed",NA,NA,"No","No",NA,NA,NA,NA,NA,NA,NA,2023-01-29,2023-01-26,"Completed"
"17","UF2023-004","Use of force","Employee","Officer/Witness",18898,"911 call","Active Resister Armed",NA,NA,"No","No",NA,NA,NA,NA,NA,NA,NA,2023-01-29,2023-01-26,"Completed"
"18","UF2023-005","Use of force","Employee","Citizen",5070,"911 call","Active Resister Unarmed",NA,"n/a","No","Yes","Complainant",28,NA,"Male","White",NA,NA,2023-02-17,2023-02-17,"Completed"
"19","UF2023-005","Use of force","Employee","Citizen",5070,"911 call","Active Resister Unarmed",NA,"n/a","No","Yes","Complainant",28,NA,"Male","White",NA,NA,2023-02-17,2023-02-17,"Completed"
"20","UF2023-005","Use of force","Employee","Officer/Reporter",18982,"911 call","Active Resister Unarmed","Take-Down","Yes","No","No",NA,NA,NA,NA,NA,NA,NA,2023-02-17,2023-02-17,"Completed"
"21","UF2023-006","Use of force","Employee","Citizen",5034,"Disturbance","Passive Non Compliant",NA,"n/a","No","Yes","Complainant",24,NA,"Male","Hispanic",NA,NA,2023-01-24,2023-01-24,"Completed"
"22","UF2023-006","Use of force","Employee","Officer/Reporter",18851,"Disturbance","Passive Non Compliant","Kenetic Energy Projectile","Yes","No","No",NA,NA,NA,NA,NA,NA,NA,2023-01-24,2023-01-24,"Completed"
"23","UF2023-006","Use of force","Employee","Officer/Reporter",18851,"Disturbance","Passive Non Compliant","Other","Yes","No","No",NA,NA,NA,NA,NA,NA,NA,2023-01-24,2023-01-24,"Completed"
"24","UF2023-006","Use of force","Employee","Officer/Reporter",18851,"Disturbance","Passive Non Compliant","Conducted Energy Device","No","No","No",NA,NA,NA,NA,NA,NA,NA,2023-01-24,2023-01-24,"Completed"
"25","UF2023-006","Use of force","Employee","Officer/Reporter",18852,"Disturbance","Passive Non Compliant",NA,NA,"No","No",NA,NA,NA,NA,NA,NA,NA,2023-01-24,2023-01-24,"Completed"
"26","UF2023-006","Use of force","Employee","Officer/Reporter",18853,"Disturbance","Passive Non Compliant","Take-Down","Yes","No","No",NA,NA,NA,NA,NA,NA,NA,2023-01-24,2023-01-24,"Completed"
"27","UF2023-006","Use of force","Employee","Officer/Reporter",18854,"Disturbance","Passive Non Compliant",NA,NA,"No","No",NA,NA,NA,NA,NA,NA,NA,2023-01-24,2023-01-24,"Completed"
"28","UF2023-007","Use of force","Employee","Officer/Reporter",18823,"Arrest","Active Resister Unarmed","Hand/Foot Strike","Yes","No","No",NA,NA,NA,NA,NA,NA,NA,2023-01-17,2023-01-17,"Completed"
"29","UF2023-007","Use of force","Employee","Officer/Witness",18824,"Arrest","Active Resister Unarmed",NA,NA,"No","No",NA,NA,NA,NA,NA,NA,NA,2023-01-17,2023-01-17,"Completed"
"30","UF2023-007","Use of force","Employee","Officer/Witness",18825,"Arrest","Active Resister Unarmed",NA,NA,"No","No",NA,NA,NA,NA,NA,NA,NA,2023-01-17,2023-01-17,"Completed"
"31","UF2023-008","Use of force","Employee","Citizen",5081,"Fight Call","Destructive Self/Others",NA,"n/a","No","No","Complainant",NA,NA,"Male","Unknown",NA,NA,2023-03-05,2023-03-05,"Completed"
"32","UF2023-008","Use of force","Employee","Officer/Reporter",19036,"Fight Call","Destructive Self/Others","OC","Yes","No","No",NA,NA,NA,NA,NA,NA,NA,2023-03-05,2023-03-05,"Completed"
"33","UF2023-009","Use of force","Employee","Citizen",5077,"Suicide Attempt","Passive Non Compliant",NA,"n/a","No","Yes","Complainant",42,NA,"Male","White",NA,NA,2023-03-01,2023-02-28,"Completed"
"34","UF2023-009","Use of force","Employee","Citizen",5078,"Suicide Attempt","Passive Non Compliant",NA,"n/a","No","Yes","Witness",71,NA,"Female","White",NA,NA,2023-03-01,2023-02-28,"Completed"
"35","UF2023-009","Use of force","Employee","Officer/Reporter",19005,"Suicide Attempt","Passive Non Compliant","Conducted Energy Device","No","No","No",NA,NA,NA,NA,NA,NA,NA,2023-03-01,2023-02-28,"Completed"
"36","UF2023-009","Use of force","Employee","Officer/Reporter",19006,"Suicide Attempt","Passive Non Compliant","Take-Down","Yes","No","No",NA,NA,NA,NA,NA,NA,NA,2023-03-01,2023-02-28,"Completed"
"37","UF2023-009","Use of force","Employee","Officer/Reporter",19006,"Suicide Attempt","Passive Non Compliant","Conducted Energy Device","Limited","No","No",NA,NA,NA,NA,NA,NA,NA,2023-03-01,2023-02-28,"Completed"
"38","UF2023-009","Use of force","Employee","Officer/Reporter",19006,"Suicide Attempt","Passive Non Compliant","Conducted Energy Device","No","No","No",NA,NA,NA,NA,NA,NA,NA,2023-03-01,2023-02-28,"Completed"
"39","UF2023-010","Use of force","Employee","Citizen",5080,"Disturbance","Destructive Self/Others",NA,"n/a","No","No","Complainant",17,NA,"Female","Black",NA,NA,2023-03-03,2023-03-03,"Completed"
"40","UF2023-010","Use of force","Employee","Officer/Reporter",19031,"Disturbance","Destructive Self/Others","Take-Down","Yes","No","No",NA,NA,NA,NA,NA,NA,NA,2023-03-03,2023-03-03,"Completed"
"41","UF2023-011","Use of force","Employee","Officer/Reporter",19034,"Disturbance","Active Fleeing","Take-Down","Yes","No","Yes",NA,NA,NA,NA,NA,NA,NA,2023-03-04,2023-03-03,"Completed"
"42","UF2023-011","Use of force","Employee","Officer/Reporter",19035,"Disturbance","Active Fleeing",NA,NA,"No","Yes",NA,NA,NA,NA,NA,NA,NA,2023-03-04,2023-03-03,"Completed"
"43","UF2023-012","Use of force","Employee","Citizen",5095,"Investigation","Active Resister Unarmed",NA,"n/a","No","Yes","Complainant",15,NA,"Male","Black",NA,NA,2023-03-23,2023-03-23,"Completed"
"44","UF2023-012","Use of force","Employee","Citizen",5096,"Investigation","Active Resister Unarmed",NA,"n/a","No","Yes","Witness",52,NA,"Male","White",NA,NA,2023-03-23,2023-03-23,"Completed"
"45","UF2023-012","Use of force","Employee","Officer/Reporter",19090,"Investigation","Active Resister Unarmed",NA,NA,"No","No",NA,NA,NA,NA,NA,NA,NA,2023-03-23,2023-03-23,"Completed"
"46","UF2023-012","Use of force","Employee","Officer/Witness",19091,"Investigation","Active Resister Unarmed",NA,NA,"No","No",NA,NA,NA,NA,NA,NA,NA,2023-03-23,2023-03-23,"Completed"
"47","UF2023-013","Use of force","Employee","Citizen",5088,"Disturbance","Destructive Self/Others",NA,"n/a","No","No","Complainant",37,NA,"Female","Unknown",NA,NA,2023-03-20,2023-03-19,"Completed"
"48","UF2023-013","Use of force","Employee","Citizen",5089,"Disturbance","Destructive Self/Others",NA,"n/a","No","No","Complainant",14,NA,"Male","White",NA,NA,2023-03-20,2023-03-19,"Completed"
"49","UF2023-013","Use of force","Employee","Officer/Reporter",19069,"Disturbance","Destructive Self/Others","Take-Down","Yes","No","No",NA,NA,NA,NA,NA,NA,NA,2023-03-20,2023-03-19,"Completed"
"50","UF2023-013","Use of force","Employee","Officer/Reporter",19069,"Disturbance","Destructive Self/Others","Pain Compliance","Yes","No","No",NA,NA,NA,NA,NA,NA,NA,2023-03-20,2023-03-19,"Completed"
"51","UF2023-014","Use of force","Employee","Citizen",5084,"911 call","Destructive Self/Others",NA,"n/a","No","Yes","Complainant",21,NA,"Male","White",NA,NA,2023-03-15,2023-03-15,"Completed"
"52","UF2023-014","Use of force","Employee","Citizen",5084,"911 call","Destructive Self/Others",NA,"n/a","No","Yes","Complainant",21,NA,"Male","White",NA,NA,2023-03-15,2023-03-15,"Completed"
"53","UF2023-014","Use of force","Employee","Officer/Reporter",19056,"911 call","Destructive Self/Others","Pain Compliance","Yes","No","No",NA,NA,NA,NA,NA,NA,NA,2023-03-15,2023-03-15,"Completed"
"54","UF2023-014","Use of force","Employee","Officer/Reporter",19057,"911 call","Destructive Self/Others","Take-Down","Yes","No","No",NA,NA,NA,NA,NA,NA,NA,2023-03-15,2023-03-15,"Completed"
"55","UF2023-014","Use of force","Employee","Officer/Reporter",19058,"911 call","Destructive Self/Others","Pain Compliance","Yes","No","No",NA,NA,NA,NA,NA,NA,NA,2023-03-15,2023-03-15,"Completed"
"56","UF2023-014","Use of force","Employee","Officer/Reporter",19059,"911 call","Destructive Self/Others",NA,NA,"No","No",NA,NA,NA,NA,NA,NA,NA,2023-03-15,2023-03-15,"Completed"
"57","UF2023-014","Use of force","Employee","Officer/Reporter",19060,"911 call","Destructive Self/Others","Pain Compliance","Yes","No","No",NA,NA,NA,NA,NA,NA,NA,2023-03-15,2023-03-15,"Completed"
"58","UF2023-014","Use of force","Employee","Officer/Reporter",19061,"911 call","Destructive Self/Others","Pain Compliance","Yes","No","No",NA,NA,NA,NA,NA,NA,NA,2023-03-15,2023-03-15,"Completed"
"59","UF2023-015","Use of force","Employee","Citizen",5110,"Arrest","Passive Non Compliant",NA,"n/a","No","Yes","Complainant",30,NA,"Female","White",NA,NA,2023-04-08,2023-04-08,"Completed"
"60","UF2023-015","Use of force","Employee","Citizen",5111,"Arrest","Passive Non Compliant",NA,"n/a","No","Yes","Witness",57,NA,"Male",NA,NA,NA,2023-04-08,2023-04-08,"Completed"
"61","UF2023-015","Use of force","Employee","Officer/Reporter",19126,"Arrest","Passive Non Compliant","Take-Down","Yes","No","No",NA,NA,NA,NA,NA,NA,NA,2023-04-08,2023-04-08,"Completed"
"62","UF2023-015","Use of force","Employee","Officer/Witness",19127,"Arrest","Passive Non Compliant",NA,NA,"No","No",NA,NA,NA,NA,NA,NA,NA,2023-04-08,2023-04-08,"Completed"
"63","UF2023-016","Use of force","Employee","Citizen",5087,"Arrest","Active Fleeing",NA,"n/a","No","Yes","Complainant",33,NA,"Male","Black",NA,NA,2023-03-09,2023-03-09,"Completed"
"64","UF2023-016","Use of force","Employee","Officer/Reporter",19068,"Arrest","Active Fleeing",NA,NA,"No","No",NA,NA,NA,NA,NA,NA,NA,2023-03-09,2023-03-09,"Completed"
"65","UF2023-017","Use of force","Employee","Officer/Reporter",19191,"Assisting Other Agency","Active Resister Unarmed",NA,NA,"No","No",NA,NA,NA,NA,NA,NA,NA,2023-03-18,2023-03-18,"Completed"
"66","UF2023-017","Use of force","Employee","Officer/Reporter",19192,"Assisting Other Agency","Active Resister Unarmed",NA,NA,"No","No",NA,NA,NA,NA,NA,NA,NA,2023-03-18,2023-03-18,"Completed"
"67","UF2023-017","Use of force","Employee","Officer/Reporter",19245,"Assisting Other Agency","Active Resister Unarmed",NA,NA,"No","No",NA,NA,NA,NA,NA,NA,NA,2023-03-18,2023-03-18,"Completed"
"68","UF2023-018","Use of force","Employee","Citizen",5132,"Disturbance","Active Resister Armed",NA,"n/a","No","Yes","Complainant",38,NA,"Male","Black",NA,NA,2023-04-24,2023-04-24,"Completed"
"69","UF2023-018","Use of force","Employee","Officer/Reporter",19226,"Disturbance","Active Resister Armed","Conducted Energy Device","Yes","No","No",NA,NA,NA,NA,NA,NA,NA,2023-04-24,2023-04-24,"Completed"
"70","UF2023-018","Use of force","Employee","Officer/Reporter",19227,"Disturbance","Active Resister Armed",NA,NA,"No","No",NA,NA,NA,NA,NA,NA,NA,2023-04-24,2023-04-24,"Completed"
"71","UF2023-018","Use of force","Employee","Officer/Witness",19228,"Disturbance","Active Resister Armed",NA,NA,"No","No",NA,NA,NA,NA,NA,NA,NA,2023-04-24,2023-04-24,"Completed"
"72","UF2023-019","Use of force","Employee","Citizen",5114,"Arrest","Active Resister Unarmed",NA,"n/a","No","Yes","Complainant",43,NA,"Male","Black",NA,NA,2023-04-12,2023-04-11,"Completed"
"73","UF2023-019","Use of force","Employee","Officer/Reporter",19150,"Arrest","Active Resister Unarmed","Hand/Foot Strike","Yes","No","No",NA,NA,NA,NA,NA,NA,NA,2023-04-12,2023-04-11,"Completed"
"74","UF2023-019","Use of force","Employee","Officer/Reporter",19150,"Arrest","Active Resister Unarmed","Pain Compliance","Yes","No","No",NA,NA,NA,NA,NA,NA,NA,2023-04-12,2023-04-11,"Completed"
"75","UF2023-019","Use of force","Employee","Officer/Witness",19151,"Arrest","Active Resister Unarmed",NA,NA,"No","No",NA,NA,NA,NA,NA,NA,NA,2023-04-12,2023-04-11,"Completed"
"76","UF2023-020","Use of force","Employee","Citizen",5106,"Fight Call","Destructive Self/Others",NA,"n/a","No","No","Complainant",25,NA,"Male","Black",NA,NA,2023-04-01,2023-04-01,"Completed"
"77","UF2023-020","Use of force","Employee","Citizen",5106,"Fight Call","Destructive Self/Others",NA,"n/a","No","No","Complainant",25,NA,"Male","Black",NA,NA,2023-04-01,2023-04-01,"Completed"
"78","UF2023-020","Use of force","Employee","Officer/Reporter",19117,"Fight Call","Destructive Self/Others","OC","Yes","No","No",NA,NA,NA,NA,NA,NA,NA,2023-04-01,2023-04-01,"Completed"
"79","UF2023-020","Use of force","Employee","Officer/Reporter",19118,"Fight Call","Destructive Self/Others",NA,NA,"No","No",NA,NA,NA,NA,NA,NA,NA,2023-04-01,2023-04-01,"Completed"
"80","UF2023-021","Use of force","Employee","Officer/Reporter",19339,"Suspicious Person","Active Resister Armed","Firearm","Yes","No","No",NA,NA,NA,NA,NA,NA,NA,2023-05-24,2023-05-22,"Completed"
"81","UF2023-022","Use of force","Employee","Citizen",5140,"911 call","Destructive Self/Others",NA,"n/a","No","Yes","Complainant",42,NA,"Male","White",NA,NA,2023-05-13,2023-05-13,"Completed"
"82","UF2023-022","Use of force","Employee","Officer/Reporter",19322,"911 call","Destructive Self/Others",NA,NA,"No","No",NA,NA,NA,NA,NA,NA,NA,2023-05-13,2023-05-13,"Completed"
"83","UF2023-022","Use of force","Employee","Officer/Reporter",19323,"911 call","Destructive Self/Others",NA,NA,"No","No",NA,NA,NA,NA,NA,NA,NA,2023-05-13,2023-05-13,"Completed"
"84","UF2023-023","Use of force","Employee","Citizen",5150,"911 call","Active Resister Unarmed",NA,"n/a","No","No","Complainant",27,NA,"Male","White",NA,NA,2023-06-01,2023-06-01,"Completed"
"85","UF2023-023","Use of force","Employee","Citizen",5151,"911 call","Active Resister Unarmed",NA,"n/a","No","No","Witness",51,NA,"Female","White",NA,NA,2023-06-01,2023-06-01,"Completed"
"86","UF2023-023","Use of force","Employee","Officer/Reporter",19366,"911 call","Active Resister Unarmed","Other","No","Yes","No",NA,NA,NA,NA,NA,NA,NA,2023-06-01,2023-06-01,"Completed"
"87","UF2023-024","Use of force","Employee","Citizen",5142,"Arrest","No Force (Complaint of Inj)",NA,"n/a","No","Yes","Complainant",63,NA,"Female",NA,NA,NA,2023-05-16,2023-05-16,"Completed"
"88","UF2023-024","Use of force","Employee","Officer/Reporter",19393,"Arrest","No Force (Complaint of Inj)",NA,NA,"No","No",NA,NA,NA,NA,NA,NA,NA,2023-05-16,2023-05-16,"Completed"
"89","UF2023-025","Use of force","Employee","Citizen",5149,"Disturbance","Active Fleeing",NA,"n/a","No","Yes","Complainant",40,NA,"Male","White",NA,NA,2023-05-31,2023-05-31,"Completed"
"90","UF2023-025","Use of force","Employee","Officer/Reporter",19356,"Disturbance","Active Fleeing",NA,NA,"No","No",NA,NA,NA,NA,NA,NA,NA,2023-05-31,2023-05-31,"Completed"
"91","UF2023-025","Use of force","Employee","Officer/Reporter",19357,"Disturbance","Active Fleeing",NA,NA,"No","No",NA,NA,NA,NA,NA,NA,NA,2023-05-31,2023-05-31,"Completed"
"92","UF2023-026","Use of force","Employee","Citizen",5158,"Arrest","Active Resister Unarmed",NA,"n/a","No","Yes","Complainant",30,NA,"Female","White",NA,NA,2023-06-14,2023-06-15,"Completed"
"93","UF2023-026","Use of force","Employee","Officer/Reporter",19410,"Arrest","Active Resister Unarmed",NA,NA,"No","No",NA,NA,NA,NA,NA,NA,NA,2023-06-14,2023-06-15,"Completed"
"94","UF2023-027","Use of force","Employee","Citizen",5141,"911 call","Active Resister Unarmed",NA,"n/a","No","Yes","Complainant",60,NA,"Male","White",NA,NA,2023-05-13,2023-05-13,"Completed"
"95","UF2023-027","Use of force","Employee","Officer/Reporter",19324,"911 call","Active Resister Unarmed","Take-Down","Yes","No","No",NA,NA,NA,NA,NA,NA,NA,2023-05-13,2023-05-13,"Completed"
"96","UF2023-027","Use of force","Employee","Officer/Reporter",19325,"911 call","Active Resister Unarmed",NA,NA,"No","No",NA,NA,NA,NA,NA,NA,NA,2023-05-13,2023-05-13,"Completed"
"97","UF2023-027","Use of force","Employee","Officer/Reporter",19326,"911 call","Active Resister Unarmed",NA,NA,"No","No",NA,NA,NA,NA,NA,NA,NA,2023-05-13,2023-05-13,"Completed"
"98","UF2023-028","Use of force","Employee","Citizen",5166,"Disturbance","Destructive Self/Others",NA,"n/a","No","Yes","Complainant",NA,NA,"Male","Mixed",NA,NA,2023-06-17,2023-06-17,"Completed"
"99","UF2023-028","Use of force","Employee","Citizen",5167,"Disturbance","Destructive Self/Others",NA,"n/a","No","Yes","Witness",NA,NA,"Female","Native Am",NA,NA,2023-06-17,2023-06-17,"Completed"
"100","UF2023-028","Use of force","Employee","Citizen",5168,"Disturbance","Destructive Self/Others",NA,"n/a","No","Yes","Witness",NA,NA,"Male","White",NA,NA,2023-06-17,2023-06-17,"Completed"
"101","UF2023-028","Use of force","Employee","Citizen",5169,"Disturbance","Destructive Self/Others",NA,"n/a","No","Yes","Witness",NA,NA,"Male","Mixed",NA,NA,2023-06-17,2023-06-17,"Completed"
"102","UF2023-028","Use of force","Employee","Officer/Reporter",19433,"Disturbance","Destructive Self/Others","Conducted Energy Device","Yes","No","No",NA,NA,NA,NA,NA,NA,NA,2023-06-17,2023-06-17,"Completed"
"103","UF2023-029","Use of force","Employee","Citizen",5161,"Arrest","Passive Non Compliant",NA,"n/a","No","No","Complainant",31,NA,"Female","White",NA,NA,2023-06-15,2023-06-15,"Completed"
"104","UF2023-029","Use of force","Employee","Officer/Reporter",19418,"Arrest","Passive Non Compliant",NA,NA,"No","No",NA,NA,NA,NA,NA,NA,NA,2023-06-15,2023-06-15,"Completed"
"105","UF2023-029","Use of force","Employee","Officer/Reporter",19419,"Arrest","Passive Non Compliant",NA,NA,"No","No",NA,NA,NA,NA,NA,NA,NA,2023-06-15,2023-06-15,"Completed"
"106","UF2023-029","Use of force","Employee","Officer/Reporter",19420,"Arrest","Passive Non Compliant",NA,NA,"No","No",NA,NA,NA,NA,NA,NA,NA,2023-06-15,2023-06-15,"Completed"
"107","UF2023-030","Use of force","Employee","Officer/Reporter",19307,"Protective Custody","Passive Non Compliant","Conducted Energy Device","Yes","No","No",NA,NA,NA,NA,NA,NA,NA,2023-05-09,2023-05-09,"Completed"
"108","UF2023-031","Use of force","Employee","Citizen",5152,"Foot Pursuit","Active Fleeing",NA,"n/a","No","Yes","Complainant",33,NA,"Male","Hispanic",NA,NA,2023-04-03,2023-04-03,"Completed"
"109","UF2023-031","Use of force","Employee","Officer/Reporter",19367,"Foot Pursuit","Active Fleeing",NA,NA,"No","No",NA,NA,NA,NA,NA,NA,NA,2023-04-03,2023-04-03,"Completed"
"110","UF2023-031","Use of force","Employee","Officer/Witness",19368,"Foot Pursuit","Active Fleeing",NA,NA,"No","No",NA,NA,NA,NA,NA,NA,NA,2023-04-03,2023-04-03,"Completed"
"111","UF2023-032","Use of force","Employee","Citizen",5176,"Disturbance","Active Resister Unarmed",NA,"n/a","No","No","Complainant",23,NA,"Female","Black",NA,NA,2023-07-01,2023-07-01,"Completed"
"112","UF2023-032","Use of force","Employee","Officer/Reporter",19501,"Disturbance","Active Resister Unarmed","Other","Yes","No","No",NA,NA,NA,NA,NA,NA,NA,2023-07-01,2023-07-01,"Completed"
"113","UF2023-032","Use of force","Employee","Officer/Reporter",19502,"Disturbance","Active Resister Unarmed",NA,NA,"No","No",NA,NA,NA,NA,NA,NA,NA,2023-07-01,2023-07-01,"Completed"
"114","UF2023-033","Use of force","Employee","Citizen",5173,"Disturbance","Active Fleeing",NA,"n/a","No","Yes","Complainant",42,NA,"Male","White",NA,NA,2023-06-26,2023-06-25,"Completed"
"115","UF2023-033","Use of force","Employee","Officer/Reporter",19476,"Disturbance","Active Fleeing",NA,NA,"No","No",NA,NA,NA,NA,NA,NA,NA,2023-06-26,2023-06-25,"Completed"
"116","UF2023-033","Use of force","Employee","Officer/Reporter",19477,"Disturbance","Active Fleeing",NA,NA,"No","No",NA,NA,NA,NA,NA,NA,NA,2023-06-26,2023-06-25,"Completed"
"117","UF2023-034","Use of force","Employee","Citizen",5177,"Contact a Subject","Active Resister Unarmed",NA,"n/a","No","No","Complainant",50,NA,"Female","Black",NA,NA,2023-07-06,2023-07-05,"Completed"
"118","UF2023-034","Use of force","Employee","Citizen",5178,"Contact a Subject","Active Resister Unarmed",NA,"n/a","No","No","Complainant",43,NA,"Male","White",NA,NA,2023-07-06,2023-07-05,"Completed"
"119","UF2023-034","Use of force","Employee","Officer/Reporter",19512,"Contact a Subject","Active Resister Unarmed",NA,NA,"No","No",NA,NA,NA,NA,NA,NA,NA,2023-07-06,2023-07-05,"Completed"
"120","UF2023-034","Use of force","Employee","Officer/Reporter",19513,"Contact a Subject","Active Resister Unarmed",NA,NA,"No","No",NA,NA,NA,NA,NA,NA,NA,2023-07-06,2023-07-05,"Completed"
"121","UF2023-034","Use of force","Employee","Officer/Reporter",19514,"Contact a Subject","Active Resister Unarmed",NA,NA,"No","No",NA,NA,NA,NA,NA,NA,NA,2023-07-06,2023-07-05,"Completed"
"122","UF2023-034","Use of force","Employee","Officer/Reporter",19515,"Contact a Subject","Active Resister Unarmed",NA,NA,"No","No",NA,NA,NA,NA,NA,NA,NA,2023-07-06,2023-07-05,"Completed"
"123","UF2023-034","Use of force","Employee","Officer/Reporter",19516,"Contact a Subject","Active Resister Unarmed",NA,NA,"No","No",NA,NA,NA,NA,NA,NA,NA,2023-07-06,2023-07-05,"Completed"
"124","UF2023-035","Use of force","Employee","Citizen",5171,"Arrest","Active Fleeing",NA,"n/a","No","No","Complainant",28,NA,"Male","Black",NA,NA,2023-06-22,2023-06-21,"Completed"
"125","UF2023-035","Use of force","Employee","Officer/Reporter",19458,"Arrest","Active Fleeing","Conducted Energy Device","Limited","No","No",NA,NA,NA,NA,NA,NA,NA,2023-06-22,2023-06-21,"Completed"
"126","UF2023-036","Use of force","Employee","Citizen",5162,"911 call","Active Resister Unarmed",NA,"n/a","No","Yes","Complainant",21,NA,"Male","White",NA,NA,2023-06-16,2023-06-16,"Completed"
"127","UF2023-036","Use of force","Employee","Citizen",5163,"911 call","Active Resister Unarmed",NA,"n/a","No","Yes","Witness",44,NA,"Female","White",NA,NA,2023-06-16,2023-06-16,"Completed"
"128","UF2023-036","Use of force","Employee","Citizen",5164,"911 call","Active Resister Unarmed",NA,"n/a","No","Yes","Witness",59,NA,"Male","Black",NA,NA,2023-06-16,2023-06-16,"Completed"
"129","UF2023-036","Use of force","Employee","Officer/Reporter",19425,"911 call","Active Resister Unarmed",NA,NA,"No","No",NA,NA,NA,NA,NA,NA,NA,2023-06-16,2023-06-16,"Completed"
"130","UF2023-036","Use of force","Employee","Officer/Reporter",19426,"911 call","Active Resister Unarmed",NA,NA,"No","No",NA,NA,NA,NA,NA,NA,NA,2023-06-16,2023-06-16,"Completed"
"131","UF2023-036","Use of force","Employee","Officer/Witness",19427,"911 call","Active Resister Unarmed",NA,NA,"No","No",NA,NA,NA,NA,NA,NA,NA,2023-06-16,2023-06-16,"Completed"
"132","UF2023-036","Use of force","Employee","Officer/Witness",19428,"911 call","Active Resister Unarmed",NA,NA,"No","No",NA,NA,NA,NA,NA,NA,NA,2023-06-16,2023-06-16,"Completed"
"133","UF2023-036","Use of force","Employee","Officer/Witness",19429,"911 call","Active Resister Unarmed",NA,NA,"No","No",NA,NA,NA,NA,NA,NA,NA,2023-06-16,2023-06-16,"Completed"
"134","UF2023-036","Use of force","Employee","Officer/Witness",19430,"911 call","Active Resister Unarmed",NA,NA,"No","No",NA,NA,NA,NA,NA,NA,NA,2023-06-16,2023-06-16,"Completed"
"135","UF2023-036","Use of force","Employee","Officer/Witness",19431,"911 call","Active Resister Unarmed",NA,NA,"No","No",NA,NA,NA,NA,NA,NA,NA,2023-06-16,2023-06-16,"Completed"
"136","UF2023-037","Use of force","Employee","Citizen",5179,"Arrest","Active Fleeing",NA,"n/a","No","Yes","Complainant",17,NA,"Male","White",NA,NA,2023-07-08,2023-07-08,"Completed"
"137","UF2023-037","Use of force","Employee","Officer/Reporter",19520,"Arrest","Active Fleeing","Pain Compliance","Yes","No","No",NA,NA,NA,NA,NA,NA,NA,2023-07-08,2023-07-08,"Completed"
"138","UF2023-037","Use of force","Employee","Officer/Reporter",19521,"Arrest","Active Fleeing","Pain Compliance","Yes","No","No",NA,NA,NA,NA,NA,NA,NA,2023-07-08,2023-07-08,"Completed"
"139","UF2023-037","Use of force","Employee","Officer/Reporter",19522,"Arrest","Active Fleeing","Hand/Foot Strike","Yes","No","No",NA,NA,NA,NA,NA,NA,NA,2023-07-08,2023-07-08,"Completed"
"140","UF2023-038","Use of force","Employee","Citizen",5185,"Disturbance","Active Resister Unarmed",NA,"n/a","No","Yes","Complainant",40,NA,"Male","White",NA,NA,2023-07-11,2023-07-11,"Completed"
"141","UF2023-038","Use of force","Employee","Officer/Reporter",19556,"Disturbance","Active Resister Unarmed","Other","Yes","No","No",NA,NA,NA,NA,NA,NA,NA,2023-07-11,2023-07-11,"Completed"
"142","UF2023-038","Use of force","Employee","Officer/Witness",19557,"Disturbance","Active Resister Unarmed",NA,NA,"No","No",NA,NA,NA,NA,NA,NA,NA,2023-07-11,2023-07-11,"Completed"
"143","UF2023-039","Use of force","Employee","Citizen",5195,"Traffic Stop","Active Fleeing",NA,"n/a","No","Yes","Complainant",34,NA,"Female","White",NA,NA,2023-07-31,2023-07-31,"Completed"
"144","UF2023-039","Use of force","Employee","Officer/Reporter",19585,"Traffic Stop","Active Fleeing",NA,NA,"No","No",NA,NA,NA,NA,NA,NA,NA,2023-07-31,2023-07-31,"Completed"
"145","UF2023-040","Use of force","Employee","Citizen",5199,"911 call","Passive Non Compliant",NA,"n/a","No","Yes","Complainant",NA,NA,"Female","White",NA,NA,2023-08-10,2023-08-10,"Completed"
"146","UF2023-040","Use of force","Employee","Officer/Reporter",19632,"911 call","Passive Non Compliant",NA,NA,"No","No",NA,NA,NA,NA,NA,NA,NA,2023-08-10,2023-08-10,"Completed"
"147","UF2023-041","Use of force","Employee","Citizen",5205,"Suicide Attempt","Active Resister Unarmed",NA,"n/a","No","Yes","Complainant",43,NA,"Male",NA,NA,NA,2023-08-20,2023-08-18,"Completed"
"148","UF2023-041","Use of force","Employee","Officer/Reporter",19660,"Suicide Attempt","Active Resister Unarmed","Conducted Energy Device","Yes","No","No",NA,NA,NA,NA,NA,NA,NA,2023-08-20,2023-08-18,"Completed"
"149","UF2023-041","Use of force","Employee","Officer/Witness",19661,"Suicide Attempt","Active Resister Unarmed",NA,NA,"No","No",NA,NA,NA,NA,NA,NA,NA,2023-08-20,2023-08-18,"Completed"
"150","UF2023-042","Use of force","Employee","Citizen",5210,"Drug Investigation","Active Resister Unarmed",NA,"n/a","No","Yes","Complainant",25,NA,"Male","White",NA,NA,2023-08-25,2023-08-24,"Completed"
"151","UF2023-042","Use of force","Employee","Citizen",5211,"Drug Investigation","Active Resister Unarmed",NA,"n/a","No","Yes","Witness",28,NA,"Male","White",NA,NA,2023-08-25,2023-08-24,"Completed"
"152","UF2023-042","Use of force","Employee","Officer/Reporter",19686,"Drug Investigation","Active Resister Unarmed",NA,NA,"No","Yes",NA,NA,NA,NA,NA,NA,NA,2023-08-25,2023-08-24,"Completed"
"153","UF2023-042","Use of force","Employee","Officer/Witness",19687,"Drug Investigation","Active Resister Unarmed",NA,NA,"No","Yes",NA,NA,NA,NA,NA,NA,NA,2023-08-25,2023-08-24,"Completed"
"154","UF2023-042","Use of force","Employee","Officer/Witness",19688,"Drug Investigation","Active Resister Unarmed",NA,NA,"No","Yes",NA,NA,NA,NA,NA,NA,NA,2023-08-25,2023-08-24,"Completed"
"155","UF2023-042","Use of force","Employee","Officer/Witness",19689,"Drug Investigation","Active Resister Unarmed",NA,NA,"No","Yes",NA,NA,NA,NA,NA,NA,NA,2023-08-25,2023-08-24,"Completed"
"156","UF2023-043","Use of force","Employee","Citizen",5209,"Drug Investigation","Active Fleeing",NA,"n/a","No","Yes","Complainant",23,NA,"Male","White",NA,NA,2023-08-24,2023-08-24,"Completed"
"157","UF2023-043","Use of force","Employee","Citizen",5209,"Drug Investigation","Active Fleeing",NA,"n/a","No","Yes","Complainant",23,NA,"Male","White",NA,NA,2023-08-24,2023-08-24,"Completed"
"158","UF2023-043","Use of force","Employee","Officer/Reporter",19685,"Drug Investigation","Active Fleeing","Take-Down","Yes","No","No",NA,NA,NA,NA,NA,NA,NA,2023-08-24,2023-08-24,"Completed"
"159","UF2023-043","Use of force","Employee","Officer/Reporter",19685,"Drug Investigation","Active Fleeing","Conducted Energy Device","No","No","No",NA,NA,NA,NA,NA,NA,NA,2023-08-24,2023-08-24,"Completed"
"160","UF2023-044","Use of force","Employee","Citizen",5217,"Arrest","Active Fleeing",NA,"n/a","No","Yes","Complainant",40,NA,"Male","White",NA,NA,2023-09-05,2023-09-05,"Completed"
"161","UF2023-044","Use of force","Employee","Officer/Reporter",19716,"Arrest","Active Fleeing",NA,NA,"No","No",NA,NA,NA,NA,NA,NA,NA,2023-09-05,2023-09-05,"Completed"
"162","UF2023-044","Use of force","Employee","Officer/Witness",19717,"Arrest","Active Fleeing",NA,NA,"No","No",NA,NA,NA,NA,NA,NA,NA,2023-09-05,2023-09-05,"Completed"
"163","UF2023-045","Use of force","Employee","Citizen",5181,"Warrant Service","Active Fleeing",NA,"n/a","No","No","Complainant",34,NA,"Male","White",NA,NA,2023-07-14,2023-07-10,"Completed"
"164","UF2023-045","Use of force","Employee","Officer/Reporter",19532,"Warrant Service","Active Fleeing","Take-Down","Yes","No","No",NA,NA,NA,NA,NA,NA,NA,2023-07-14,2023-07-10,"Completed"
"165","UF2023-045","Use of force","Employee","Officer/Witness",19533,"Warrant Service","Active Fleeing",NA,NA,"No","No",NA,NA,NA,NA,NA,NA,NA,2023-07-14,2023-07-10,"Completed"
"166","UF2023-046","Use of force","Employee","Citizen",5219,"Disturbance","Active Resister Unarmed",NA,"n/a","No","Yes","Complainant",30,NA,"Female","White",NA,NA,2023-09-07,2023-09-07,"Completed"
"167","UF2023-046","Use of force","Employee","Citizen",5220,"Disturbance","Active Resister Unarmed",NA,"n/a","No","Yes","Witness",24,NA,"Female",NA,NA,NA,2023-09-07,2023-09-07,"Completed"
"168","UF2023-046","Use of force","Employee","Citizen",5221,"Disturbance","Active Resister Unarmed",NA,"n/a","No","Yes","Witness",NA,NA,"Female",NA,NA,NA,2023-09-07,2023-09-07,"Completed"
"169","UF2023-046","Use of force","Employee","Officer/Reporter",19741,"Disturbance","Active Resister Unarmed","Take-Down","Yes","No","No",NA,NA,NA,NA,NA,NA,NA,2023-09-07,2023-09-07,"Completed"
"170","UF2023-047","Use of force","Employee","Citizen",5244,"Arrest","Destructive Self/Others",NA,"n/a","No","Yes","Complainant",18,NA,"Male","White",NA,NA,2023-09-27,2023-09-26,"Completed"
"171","UF2023-047","Use of force","Employee","Officer/Reporter",19811,"Arrest","Destructive Self/Others","Take-Down","Yes","No","No",NA,NA,NA,NA,NA,NA,NA,2023-09-27,2023-09-26,"Completed"
"172","UF2023-047","Use of force","Employee","Officer/Reporter",19812,"Arrest","Destructive Self/Others","Hand/Foot Strike","Yes","No","No",NA,NA,NA,NA,NA,NA,NA,2023-09-27,2023-09-26,"Completed"
"173","UF2023-048","Use of force","Employee","Citizen",5251,"Disturbance","Passive Non Compliant",NA,"n/a","No","Yes","Complainant",19,NA,"Male","White",NA,NA,2023-10-05,2023-10-05,"Completed"
"174","UF2023-048","Use of force","Employee","Citizen",5252,"Disturbance","Passive Non Compliant",NA,"n/a","No","Yes","Witness",21,NA,"Male","White",NA,NA,2023-10-05,2023-10-05,"Completed"
"175","UF2023-048","Use of force","Employee","Officer/Reporter",19866,"Disturbance","Passive Non Compliant","OC","Yes","No","No",NA,NA,NA,NA,NA,NA,NA,2023-10-05,2023-10-05,"Completed"
"176","UF2023-048","Use of force","Employee","Officer/Witness",19867,"Disturbance","Passive Non Compliant",NA,NA,"No","No",NA,NA,NA,NA,NA,NA,NA,2023-10-05,2023-10-05,"Completed"
"177","UF2023-048","Use of force","Employee","Officer/Witness",19868,"Disturbance","Passive Non Compliant",NA,NA,"No","No",NA,NA,NA,NA,NA,NA,NA,2023-10-05,2023-10-05,"Completed"
"178","UF2023-049","Use of force","Employee","Citizen",5260,"Disturbance","Active Fleeing",NA,"n/a","No","Yes","Complainant",63,NA,"Male","White",NA,NA,2023-10-17,2023-10-17,"Completed"
"179","UF2023-049","Use of force","Employee","Citizen",5260,"Disturbance","Active Fleeing",NA,"n/a","No","Yes","Complainant",63,NA,"Male","White",NA,NA,2023-10-17,2023-10-17,"Completed"
"180","UF2023-049","Use of force","Employee","Officer/Reporter",19923,"Disturbance","Active Fleeing","Take-Down","Yes","No","No",NA,NA,NA,NA,NA,NA,NA,2023-10-17,2023-10-17,"Completed"
"181","UF2023-049","Use of force","Employee","Officer/Reporter",19924,"Disturbance","Active Fleeing","Other","Yes","No","No",NA,NA,NA,NA,NA,NA,NA,2023-10-17,2023-10-17,"Completed"
"182","UF2023-049","Use of force","Employee","Officer/Reporter",19925,"Disturbance","Active Fleeing","Other","Yes","No","No",NA,NA,NA,NA,NA,NA,NA,2023-10-17,2023-10-17,"Completed"
"183","UF2023-049","Use of force","Employee","Officer/Reporter",19926,"Disturbance","Active Fleeing","Other","Yes","No","No",NA,NA,NA,NA,NA,NA,NA,2023-10-17,2023-10-17,"Completed"
"184","UF2023-049","Use of force","Employee","Officer/Witness",19927,"Disturbance","Active Fleeing",NA,NA,"No","No",NA,NA,NA,NA,NA,NA,NA,2023-10-17,2023-10-17,"Completed"
"185","UF2023-049","Use of force","Employee","Officer/Witness",19928,"Disturbance","Active Fleeing",NA,NA,"No","No",NA,NA,NA,NA,NA,NA,NA,2023-10-17,2023-10-17,"Completed"
"186","UF2023-050","Use of force","Employee","Citizen",5256,"Investigation","Passive Non Compliant",NA,"n/a","No","No","Complainant",51,NA,"Female","White",NA,NA,2023-10-11,2023-10-11,"Completed"
"187","UF2023-050","Use of force","Employee","Officer/Reporter",19892,"Investigation","Passive Non Compliant","Other","Yes","No","No",NA,NA,NA,NA,NA,NA,NA,2023-10-11,2023-10-11,"Completed"
"188","UF2023-050","Use of force","Employee","Officer/Reporter",19893,"Investigation","Passive Non Compliant","Other","Yes","No","No",NA,NA,NA,NA,NA,NA,NA,2023-10-11,2023-10-11,"Completed"
"189","UF2023-051","Use of force","Employee","Citizen",5284,"Traffic Stop","Active Resister Unarmed",NA,"n/a","No","Yes","Witness",23,NA,"Male","White",NA,NA,2023-11-07,2023-11-07,"Completed"
"190","UF2023-051","Use of force","Employee","Citizen",5287,"Traffic Stop","Active Resister Unarmed",NA,"n/a","No","Yes","Complainant",20,NA,"Female","White",NA,NA,2023-11-07,2023-11-07,"Completed"
"191","UF2023-051","Use of force","Employee","Citizen",5287,"Traffic Stop","Active Resister Unarmed",NA,"n/a","No","Yes","Complainant",20,NA,"Female","White",NA,NA,2023-11-07,2023-11-07,"Completed"
"192","UF2023-051","Use of force","Employee","Officer/Reporter",20049,"Traffic Stop","Active Resister Unarmed","Conducted Energy Device","Yes","No","No",NA,NA,NA,NA,NA,NA,NA,2023-11-07,2023-11-07,"Completed"
"193","UF2023-051","Use of force","Employee","Officer/Witness",20050,"Traffic Stop","Active Resister Unarmed",NA,NA,"No","No",NA,NA,NA,NA,NA,NA,NA,2023-11-07,2023-11-07,"Completed"
"194","UF2023-052","Use of force","Employee","Citizen",5245,"Disturbance","Active Resister Unarmed",NA,"n/a","No","No","Complainant",31,NA,"Male","White",NA,NA,2023-09-30,2023-09-29,"Completed"
"195","UF2023-052","Use of force","Employee","Officer/Reporter",19819,"Disturbance","Active Resister Unarmed",NA,NA,"No","No",NA,NA,NA,NA,NA,NA,NA,2023-09-30,2023-09-29,"Completed"
"196","UF2023-053","Use of force","Employee","Citizen",5303,"Arrest","Active Fleeing",NA,"n/a","No","Yes","Complainant",22,NA,"Male","Black",NA,NA,2023-11-19,2023-11-19,"Completed"
"197","UF2023-053","Use of force","Employee","Officer/Reporter",20123,"Arrest","Active Fleeing","Conducted Energy Device","No","No","No",NA,NA,NA,NA,NA,NA,NA,2023-11-19,2023-11-19,"Completed"
"198","UF2023-053","Use of force","Employee","Officer/Reporter",20124,"Arrest","Active Fleeing","Take-Down","Yes","No","No",NA,NA,NA,NA,NA,NA,NA,2023-11-19,2023-11-19,"Completed"
"199","UF2023-053","Use of force","Employee","Officer/Reporter",20125,"Arrest","Active Fleeing","Take-Down","Yes","No","No",NA,NA,NA,NA,NA,NA,NA,2023-11-19,2023-11-19,"Completed"
"200","UF2023-053","Use of force","Employee","Officer/Witness",20126,"Arrest","Active Fleeing",NA,NA,"No","No",NA,NA,NA,NA,NA,NA,NA,2023-11-19,2023-11-19,"Completed"
"201","UF2023-053","Use of force","Employee","Officer/Witness",20127,"Arrest","Active Fleeing",NA,NA,"No","No",NA,NA,NA,NA,NA,NA,NA,2023-11-19,2023-11-19,"Completed"
"202","UF2023-053","Use of force","Employee","Officer/Witness",20128,"Arrest","Active Fleeing",NA,NA,"No","No",NA,NA,NA,NA,NA,NA,NA,2023-11-19,2023-11-19,"Completed"
"203","UF2023-053","Use of force","Employee","Officer/Witness",20129,"Arrest","Active Fleeing",NA,NA,"No","No",NA,NA,NA,NA,NA,NA,NA,2023-11-19,2023-11-19,"Completed"
"204","UF2023-054","Use of force","Employee","Citizen",5288,"911 call","Destructive Self/Others",NA,"n/a","No","Yes","Complainant",17,NA,"Female","White",NA,NA,2023-11-09,2023-11-09,"Completed"
"205","UF2023-054","Use of force","Employee","Citizen",5289,"911 call","Destructive Self/Others",NA,"n/a","No","Yes","Witness",21,NA,"Male","White",NA,NA,2023-11-09,2023-11-09,"Completed"
"206","UF2023-054","Use of force","Employee","Officer/Reporter",20065,"911 call","Destructive Self/Others","Take-Down","Yes","No","No",NA,NA,NA,NA,NA,NA,NA,2023-11-09,2023-11-09,"Completed"
"207","UF2023-054","Use of force","Employee","Officer/Reporter",20066,"911 call","Destructive Self/Others","Take-Down","Yes","No","No",NA,NA,NA,NA,NA,NA,NA,2023-11-09,2023-11-09,"Completed"
"208","UF2023-054","Use of force","Employee","Officer/Reporter",20067,"911 call","Destructive Self/Others","Other","Yes","No","No",NA,NA,NA,NA,NA,NA,NA,2023-11-09,2023-11-09,"Completed"
"209","UF2023-054","Use of force","Employee","Officer/Reporter",20067,"911 call","Destructive Self/Others","Pain Compliance","Yes","No","No",NA,NA,NA,NA,NA,NA,NA,2023-11-09,2023-11-09,"Completed"
"210","UF2023-055","Use of force","Employee","Citizen",5276,"Protective Custody","Destructive Self/Others",NA,"n/a","No","Yes","Complainant",42,NA,"Male","White",NA,NA,2023-10-29,2023-10-29,"Completed"
"211","UF2023-055","Use of force","Employee","Citizen",5277,"Protective Custody","Destructive Self/Others",NA,"n/a","No","Yes","Witness",67,NA,"Female","White",NA,NA,2023-10-29,2023-10-29,"Completed"
"212","UF2023-055","Use of force","Employee","Officer/Reporter",20000,"Protective Custody","Destructive Self/Others","Conducted Energy Device","Limited","No","No",NA,NA,NA,NA,NA,NA,NA,2023-10-29,2023-10-29,"Completed"
"213","UF2023-055","Use of force","Employee","Officer/Witness",20201,"Protective Custody","Destructive Self/Others",NA,NA,"No","No",NA,NA,NA,NA,NA,NA,NA,2023-10-29,2023-10-29,"Completed"
"214","UF2023-056","Use of force","Employee","Citizen",5282,"Arrest","Passive Non Compliant",NA,"n/a","No","Yes","Complainant",32,NA,"Male","White",NA,NA,2023-11-06,2023-11-05,"Completed"
"215","UF2023-056","Use of force","Employee","Officer/Reporter",20039,"Arrest","Passive Non Compliant","Conducted Energy Device","Yes","No","No",NA,NA,NA,NA,NA,NA,NA,2023-11-06,2023-11-05,"Completed"
"216","UF2023-056","Use of force","Employee","Officer/Reporter",20039,"Arrest","Passive Non Compliant","Hand/Foot Strike","Yes","No","No",NA,NA,NA,NA,NA,NA,NA,2023-11-06,2023-11-05,"Completed"
"217","UF2023-056","Use of force","Employee","Officer/Witness",20211,"Arrest","Passive Non Compliant",NA,NA,"No","No",NA,NA,NA,NA,NA,NA,NA,2023-11-06,2023-11-05,"Completed"
"218","UF2023-057","Use of force","Employee","Citizen",5313,"Disturbance","Destructive Self/Others",NA,"n/a","No","No","Complainant",19,NA,"Female","Black",NA,NA,2023-11-30,2023-11-30,"Completed"
"219","UF2023-057","Use of force","Employee","Officer/Reporter",20220,"Disturbance","Destructive Self/Others","Pain Compliance","Yes","No","No",NA,NA,NA,NA,NA,NA,NA,2023-11-30,2023-11-30,"Completed"
"220","UF2023-057","Use of force","Employee","Officer/Reporter",20221,"Disturbance","Destructive Self/Others",NA,NA,"No","No",NA,NA,NA,NA,NA,NA,NA,2023-11-30,2023-11-30,"Completed"
"221","UF2023-057","Use of force","Employee","Officer/Reporter",20222,"Disturbance","Destructive Self/Others",NA,NA,"No","No",NA,NA,NA,NA,NA,NA,NA,2023-11-30,2023-11-30,"Completed"
"222","UF2023-058","Use of force","Employee","Citizen",5318,"911 call","Active Resister Unarmed",NA,"n/a","Yes","No","Complainant",32,NA,"Female","Native Am",NA,NA,2023-12-15,2023-12-14,"Completed"
"223","UF2023-058","Use of force","Employee","Citizen",5318,"911 call","Active Resister Unarmed",NA,"n/a","Yes","No","Complainant",32,NA,"Female","Native Am",NA,NA,2023-12-15,2023-12-14,"Completed"
"224","UF2023-058","Use of force","Employee","Citizen",5318,"911 call","Active Resister Unarmed",NA,"n/a","Yes","No","Complainant",32,NA,"Female","Native Am",NA,NA,2023-12-15,2023-12-14,"Completed"
"225","UF2023-058","Use of force","Employee","Citizen",5318,"911 call","Active Resister Unarmed",NA,"n/a","Yes","No","Complainant",32,NA,"Female","Native Am",NA,NA,2023-12-15,2023-12-14,"Completed"
"226","UF2023-058","Use of force","Employee","Citizen",5318,"911 call","Active Resister Unarmed",NA,"n/a","Yes","No","Complainant",32,NA,"Female","Native Am",NA,NA,2023-12-15,2023-12-14,"Completed"
"227","UF2023-058","Use of force","Employee","Citizen",5318,"911 call","Active Resister Unarmed",NA,"n/a","Yes","No","Complainant",32,NA,"Female","Native Am",NA,NA,2023-12-15,2023-12-14,"Completed"
"228","UF2023-058","Use of force","Employee","Officer/Reporter",20278,"911 call","Active Resister Unarmed","Conducted Energy Device","Yes","No","No",NA,NA,NA,NA,NA,NA,NA,2023-12-15,2023-12-14,"Completed"
"229","UF2023-058","Use of force","Employee","Officer/Reporter",20279,"911 call","Active Resister Unarmed",NA,NA,"No","No",NA,NA,NA,NA,NA,NA,NA,2023-12-15,2023-12-14,"Completed"
"230","UF2023-058","Use of force","Employee","Officer/Reporter",20280,"911 call","Active Resister Unarmed",NA,NA,"No","No",NA,NA,NA,NA,NA,NA,NA,2023-12-15,2023-12-14,"Completed"
"231","UF2023-059","Use of force","Employee","Citizen",5326,"Disturbance","Active Resister Unarmed",NA,"n/a","Yes","No","Complainant",46,NA,"Male","Black",NA,NA,2023-12-29,2023-12-29,"Completed"
"232","UF2023-059","Use of force","Employee","Officer/Reporter",20345,"Disturbance","Active Resister Unarmed","Hand/Foot Strike","No","Yes","No",NA,NA,NA,NA,NA,NA,NA,2023-12-29,2023-12-29,"Completed"
"233","UF2023-059","Use of force","Employee","Officer/Reporter",20346,"Disturbance","Active Resister Unarmed","Hand/Foot Strike","No","Yes","No",NA,NA,NA,NA,NA,NA,NA,2023-12-29,2023-12-29,"Completed"
"234","UF2023-059","Use of force","Employee","Officer/Reporter",20347,"Disturbance","Active Resister Unarmed","Conducted Energy Device","Limited","Yes","No",NA,NA,NA,NA,NA,NA,NA,2023-12-29,2023-12-29,"Completed"
"235","UF2023-060","Use of force","Employee","Citizen",5324,"Arrest","Passive Non Compliant",NA,"n/a","Yes","No","Complainant",40,NA,"Male","White",NA,NA,2023-12-23,2023-12-23,"Completed"
"236","UF2023-060","Use of force","Employee","Citizen",5324,"Arrest","Passive Non Compliant",NA,"n/a","Yes","No","Complainant",40,NA,"Male","White",NA,NA,2023-12-23,2023-12-23,"Completed"
"237","UF2023-060","Use of force","Employee","Citizen",5324,"Arrest","Passive Non Compliant",NA,"n/a","Yes","No","Complainant",40,NA,"Male","White",NA,NA,2023-12-23,2023-12-23,"Completed"
"238","UF2023-060","Use of force","Employee","Citizen",5324,"Arrest","Passive Non Compliant",NA,"n/a","Yes","No","Complainant",40,NA,"Male","White",NA,NA,2023-12-23,2023-12-23,"Completed"
"239","UF2023-060","Use of force","Employee","Officer/Reporter",20312,"Arrest","Passive Non Compliant","Kenetic Energy Projectile","No","No","No",NA,NA,NA,NA,NA,NA,NA,2023-12-23,2023-12-23,"Completed"
"240","UF2023-060","Use of force","Employee","Officer/Witness",20313,"Arrest","Passive Non Compliant",NA,NA,"No","No",NA,NA,NA,NA,NA,NA,NA,2023-12-23,2023-12-23,"Completed"
"241","UF2023-060","Use of force","Employee","Officer/Witness",20314,"Arrest","Passive Non Compliant",NA,NA,"No","No",NA,NA,NA,NA,NA,NA,NA,2023-12-23,2023-12-23,"Completed"
"242","UF2023-060","Use of force","Employee","Officer/Witness",20315,"Arrest","Passive Non Compliant",NA,NA,"No","No",NA,NA,NA,NA,NA,NA,NA,2023-12-23,2023-12-23,"Completed"
"243","UF2023-060","Use of force","Employee","Officer/Witness",20316,"Arrest","Passive Non Compliant",NA,NA,"No","No",NA,NA,NA,NA,NA,NA,NA,2023-12-23,2023-12-23,"Completed"
"244","UF2023-060","Use of force","Employee","Officer/Witness",20317,"Arrest","Passive Non Compliant",NA,NA,"No","No",NA,NA,NA,NA,NA,NA,NA,2023-12-23,2023-12-23,"Completed"
"245","UF2023-061","Use of force","Employee","Citizen",5315,"Disturbance","Active Resister Unarmed",NA,"n/a","Yes","Yes","Complainant",NA,NA,"Female","White",NA,NA,2023-12-10,2023-12-10,"Completed"
"246","UF2023-061","Use of force","Employee","Officer/Reporter",20264,"Disturbance","Active Resister Unarmed","Take-Down","Yes","Yes","No",NA,NA,NA,NA,NA,NA,NA,2023-12-10,2023-12-10,"Completed"
"247","UF2023-061","Use of force","Employee","Officer/Reporter",20265,"Disturbance","Active Resister Unarmed","Take-Down","Yes","Yes","No",NA,NA,NA,NA,NA,NA,NA,2023-12-10,2023-12-10,"Completed"
